,Date,Prob,Label,,ALL TRUE,TN
0,6/26/20,0.49692717,1,-1,0,0
1,1/22/21,0.5006308,-1,1,0,0
2,1/4/19,0.5276663,1,1,1,0
3,6/12/23,0.52582,-1,1,0,0
4,9/1/17,0.5284376,1,1,1,0
5,6/29/23,0.47653213,-1,-1,1,1
6,7/14/15,0.5248992,1,1,1,0
7,3/15/22,0.45790544,1,-1,0,0
8,8/19/19,0.536971,-1,1,0,0
9,3/18/24,0.49222752,1,-1,0,0
10,1/8/24,0.5140849,-1,1,0,0
11,10/26/22,0.5162505,-1,1,0,0
12,12/16/22,0.47773716,1,-1,0,0
13,4/2/18,0.51192063,1,1,1,0
14,10/26/21,0.54209834,1,1,1,0
15,11/12/19,0.5014624,1,1,1,0
16,9/3/21,0.4934005,-1,-1,1,1
17,1/20/17,0.48193136,1,-1,0,0
18,3/14/16,0.4896118,1,-1,0,0
19,5/6/21,0.40283677,-1,-1,1,1
20,5/4/18,0.53399473,1,1,1,0
21,2/28/23,0.4527226,1,-1,0,0
22,5/22/20,0.5130959,1,1,1,0
23,7/13/18,0.47400737,1,-1,0,0
24,2/7/18,0.51343626,1,1,1,0
25,2/10/20,0.52478945,1,1,1,0
26,10/11/23,0.50382555,-1,1,0,0
27,7/18/23,0.52805597,1,1,1,0
28,2/25/16,0.53049785,1,1,1,0
29,8/16/17,0.49371946,1,-1,0,0
30,10/23/15,0.4852396,1,-1,0,0
31,2/12/24,0.48459098,1,-1,0,0
32,5/24/21,0.52123505,1,1,1,0
33,5/23/19,0.5105546,-1,1,0,0
34,8/18/21,0.47751445,1,-1,0,0
35,11/29/19,0.510117,1,1,1,0
36,10/6/16,0.5746155,-1,1,0,0
37,8/18/22,0.5209503,-1,1,0,0
38,1/23/20,0.5134032,-1,1,0,0
39,5/7/19,0.5116613,-1,1,0,0
40,1/21/22,0.52203745,1,1,1,0
41,1/5/23,0.5234609,1,1,1,0
42,5/23/22,0.5292025,1,1,1,0
43,5/4/17,0.5437776,-1,1,0,0
44,5/8/23,0.5214651,-1,1,0,0
45,11/28/18,0.49513605,-1,-1,1,1
46,6/11/19,0.54195064,1,1,1,0
47,10/25/19,0.4017094,1,-1,0,0
48,11/30/21,0.4774462,1,-1,0,0
49,2/8/19,0.415736,1,-1,0,0
50,1/22/18,0.47967917,-1,-1,1,1
51,3/16/20,0.5218947,-1,1,0,0
52,6/8/17,0.51095986,1,1,1,0
53,12/17/19,0.5179102,1,1,1,0
54,11/14/23,0.48098388,1,-1,0,0
55,2/8/16,0.45589125,1,-1,0,0
56,1/3/18,0.5152232,1,1,1,0
57,6/10/21,0.5110467,-1,1,0,0
58,10/8/20,0.5112955,1,1,1,0
59,11/10/15,0.5157206,1,1,1,0
60,10/24/16,0.5319018,-1,1,0,0
61,1/23/19,0.49178812,1,-1,0,0
62,9/5/19,0.5367723,1,1,1,0
63,9/3/20,0.4833753,-1,-1,1,1
64,9/2/15,0.52167827,1,1,1,0
65,1/6/20,0.5073664,1,1,1,0
66,6/28/21,0.51575977,1,1,1,0
67,9/22/22,0.5168617,-1,1,0,0
68,6/26/18,0.4792362,1,-1,0,0
69,4/4/24,0.45146158,-1,-1,1,1
70,11/30/20,0.5312223,1,1,1,0
71,3/31/22,0.50451916,-1,1,0,0
72,10/10/22,0.51309466,1,1,1,0
73,7/13/17,0.5199629,1,1,1,0
74,3/30/17,0.50064033,-1,1,0,0
75,12/14/16,0.5112823,-1,1,0,0
76,7/31/18,0.49103796,1,-1,0,0
77,6/28/22,0.52140605,1,1,1,0
78,3/16/21,0.51330954,-1,1,0,0
79,11/9/18,0.5154113,-1,1,0,0
80,1/4/22,0.52595246,1,1,1,0
81,4/2/19,0.53508514,1,1,1,0
82,12/16/20,0.51606,-1,1,0,0
83,8/2/22,0.49555865,1,-1,0,0
84,8/21/23,0.51458204,1,1,1,0
85,6/27/19,0.5353788,1,1,1,0
86,2/8/22,0.52166003,-1,1,0,0
87,11/27/15,0.4739807,-1,-1,1,1
88,4/1/20,0.5367936,1,1,1,0
89,7/31/20,0.51363313,1,1,1,0
90,10/24/17,0.5218485,1,1,1,0
91,8/16/18,0.52060527,1,1,1,0
92,6/9/22,0.4643652,-1,-1,1,1
93,7/15/20,0.48912,1,-1,0,0
94,9/20/18,0.5166272,-1,1,0,0
95,5/6/20,0.5000993,-1,1,0,0
96,9/25/23,0.5006751,-1,1,0,0
97,9/21/15,0.4971629,-1,-1,1,1
98,2/27/19,0.51347053,-1,1,0,0
99,12/16/21,0.5282884,1,1,1,0
100,4/20/20,0.52229416,1,1,1,0
101,4/18/18,0.53313744,-1,1,0,0
102,2/25/22,0.5505484,-1,1,0,0
103,7/29/16,0.515629,1,1,1,0
104,6/24/16,0.49806738,1,-1,0,0
105,2/7/17,0.49608698,1,-1,0,0
106,4/20/23,0.5202957,1,1,1,0
107,8/16/16,0.5147453,-1,1,0,0
108,6/26/17,0.49424535,1,-1,0,0
109,4/3/23,0.53762215,-1,1,0,0
110,1/3/17,0.5026242,1,1,1,0
111,12/1/23,0.5347196,1,1,1,0
112,12/15/15,0.516203,-1,1,0,0
113,7/16/19,0.49062383,1,-1,0,0
114,8/17/15,0.4738063,-1,-1,1,1
115,7/31/17,0.5141403,-1,1,0,0
116,5/4/16,0.5073056,1,1,1,0
117,4/19/22,0.5205348,-1,1,0,0
118,4/1/21,0.49022758,1,-1,0,0
119,2/9/23,0.4966852,-1,-1,1,1
120,9/20/17,0.52237725,1,1,1,0
121,2/29/24,0.53032327,-1,1,0,0
122,1/24/23,0.52827066,1,1,1,0
123,5/24/23,0.4703237,1,-1,0,0
124,3/14/18,0.52122605,-1,1,0,0
125,6/9/15,0.50087845,-1,1,0,0
126,2/24/17,0.5385969,1,1,1,0
127,6/8/18,0.44589207,-1,-1,1,1
128,2/27/20,0.5110831,1,1,1,0
129,10/8/18,0.53088945,-1,1,0,0
130,9/7/23,0.46790677,-1,-1,1,1
131,9/23/19,0.5226529,-1,1,0,0
132,4/22/24,0.49045876,-1,-1,1,1
133,8/18/20,0.51941615,1,1,1,0
134,3/16/23,0.52694315,1,1,1,0
135,4/18/17,0.5417843,1,1,1,0
136,4/18/16,0.49499246,-1,-1,1,1
137,5/5/22,0.5130047,-1,1,0,0
138,3/15/19,0.4997542,-1,-1,1,1
139,10/7/15,0.524117,1,1,1,0
140,5/8/24,0.49038187,1,-1,0,0
141,11/9/16,0.5251556,1,1,1,0
142,9/1/16,0.49981955,-1,-1,1,1
143,4/18/19,0.50822043,1,1,1,0
144,11/11/22,0.5261021,-1,1,0,0
145,7/15/22,0.5275789,1,1,1,0
146,9/22/21,0.51483476,-1,1,0,0
147,2/26/21,0.5238794,-1,1,0,0
148,8/2/21,0.5086516,1,1,1,0
149,4/20/21,0.50964075,1,1,1,0
150,9/6/22,0.5207435,-1,1,0,0
151,7/15/21,0.4617183,1,-1,0,0
152,1/4/16,0.51691484,-1,1,0,0
153,2/26/18,0.51553637,-1,1,0,0
154,1/21/16,0.53118014,1,1,1,0
155,6/8/16,0.49866375,-1,-1,1,1
156,9/4/18,0.5078019,1,1,1,0
157,5/20/16,0.5469159,1,1,1,0
158,10/6/17,0.5289648,1,1,1,0
159,11/11/20,0.51294565,1,1,1,0
160,1/5/21,0.5003617,1,1,1,0
161,12/17/18,0.518462,-1,1,0,0
162,11/28/17,0.5114652,1,1,1,0
163,11/9/17,0.4987464,-1,-1,1,1
164,10/8/21,0.53615916,1,1,1,0
165,8/3/23,0.5288088,-1,1,0,0
166,12/14/17,0.5166912,1,1,1,0
167,6/10/20,0.48989013,1,-1,0,0
168,7/13/16,0.5173601,1,1,1,0
169,10/26/20,0.5242632,-1,1,0,0
170,6/25/15,0.50172627,-1,1,0,0
171,7/30/15,0.5715395,-1,1,0,0
172,10/9/19,0.51486397,1,1,1,0
173,1/25/24,0.50912905,1,1,1,0
174,5/22/18,0.49166653,-1,-1,1,1
175,2/9/21,0.51326144,1,1,1,0
176,3/14/17,0.5246482,-1,1,0,0
177,5/22/17,0.5113994,1,1,1,0
178,10/27/23,0.5326241,1,1,1,0
179,3/31/16,0.48899412,-1,-1,1,1
180,9/22/20,0.51441705,1,1,1,0
181,12/19/23,0.50407857,1,1,1,0
182,11/11/21,0.48200816,1,-1,0,0
183,11/28/16,0.53803134,1,1,1,0
184,10/24/18,0.51602566,1,1,1,0
185,9/20/16,0.51938045,1,1,1,0
186,8/1/19,0.50884414,-1,1,0,0
187,11/30/22,0.5008175,-1,1,0,0
,,,,,101,22
,,,,,0.537234043,