raw_symbol,instrument_id,date
SPY,7177,2018-05-01
SPY,7180,2018-05-02
SPY,7184,2018-05-03
SPY,7189,2018-05-04
SPY,7189,2018-05-05
SPY,7189,2018-05-06
SPY,7188,2018-05-07
SPY,7188,2018-05-08
SPY,7189,2018-05-09
SPY,7189,2018-05-10
SPY,7190,2018-05-11
SPY,7190,2018-05-12
SPY,7190,2018-05-13
SPY,7181,2018-05-14
SPY,7182,2018-05-15
SPY,7185,2018-05-16
SPY,7191,2018-05-17
SPY,7191,2018-05-18
SPY,7191,2018-05-19
SPY,7191,2018-05-20
SPY,7189,2018-05-21
SPY,7186,2018-05-22
SPY,7187,2018-05-23
SPY,7196,2018-05-24
SPY,7196,2018-05-25
SPY,7196,2018-05-26
SPY,7196,2018-05-27
SPY,7196,2018-05-28
SPY,7193,2018-05-29
SPY,7191,2018-05-30
SPY,7192,2018-05-31
SPY,7193,2018-06-01
SPY,7193,2018-06-02
SPY,7193,2018-06-03
SPY,7188,2018-06-04
SPY,7188,2018-06-05
SPY,7186,2018-06-06
SPY,7180,2018-06-07
SPY,7183,2018-06-08
SPY,7183,2018-06-09
SPY,7183,2018-06-10
SPY,7180,2018-06-11
SPY,7180,2018-06-12
SPY,7182,2018-06-13
SPY,7186,2018-06-14
SPY,7187,2018-06-15
SPY,7187,2018-06-16
SPY,7187,2018-06-17
SPY,7191,2018-06-18
SPY,7191,2018-06-19
SPY,7192,2018-06-20
SPY,7200,2018-06-21
SPY,7205,2018-06-22
SPY,7205,2018-06-23
SPY,7205,2018-06-24
SPY,7205,2018-06-25
SPY,7204,2018-06-26
SPY,7211,2018-06-27
SPY,7219,2018-06-28
SPY,7220,2018-06-29
SPY,7220,2018-06-30
SPY,7220,2018-07-01
SPY,7214,2018-07-02
SPY,7215,2018-07-03
SPY,7215,2018-07-04
SPY,7216,2018-07-05
SPY,7217,2018-07-06
SPY,7217,2018-07-07
SPY,7217,2018-07-08
SPY,7215,2018-07-09
SPY,7216,2018-07-10
SPY,7218,2018-07-11
SPY,7220,2018-07-12
SPY,7222,2018-07-13
SPY,7222,2018-07-14
SPY,7222,2018-07-15
SPY,7222,2018-07-16
SPY,7222,2018-07-17
SPY,7227,2018-07-18
SPY,7232,2018-07-19
SPY,7231,2018-07-20
SPY,7231,2018-07-21
SPY,7231,2018-07-22
SPY,7229,2018-07-23
SPY,7233,2018-07-24
SPY,7246,2018-07-25
SPY,7252,2018-07-26
SPY,7260,2018-07-27
SPY,7260,2018-07-28
SPY,7260,2018-07-29
SPY,7262,2018-07-30
SPY,7259,2018-07-31
SPY,7255,2018-08-01
SPY,7260,2018-08-02
SPY,7262,2018-08-03
SPY,7262,2018-08-04
SPY,7262,2018-08-05
SPY,7258,2018-08-06
SPY,7258,2018-08-07
SPY,7265,2018-08-08
SPY,7271,2018-08-09
SPY,7275,2018-08-10
SPY,7275,2018-08-11
SPY,7275,2018-08-12
SPY,7280,2018-08-13
SPY,7281,2018-08-14
SPY,7279,2018-08-15
SPY,7266,2018-08-16
SPY,7267,2018-08-17
SPY,7267,2018-08-18
SPY,7267,2018-08-19
SPY,7267,2018-08-20
SPY,7266,2018-08-21
SPY,7266,2018-08-22
SPY,7265,2018-08-23
SPY,7263,2018-08-24
SPY,7263,2018-08-25
SPY,7263,2018-08-26
SPY,7257,2018-08-27
SPY,7257,2018-08-28
SPY,7260,2018-08-29
SPY,7262,2018-08-30
SPY,7261,2018-08-31
SPY,7261,2018-09-01
SPY,7261,2018-09-02
SPY,7261,2018-09-03
SPY,7256,2018-09-04
SPY,7255,2018-09-05
SPY,7259,2018-09-06
SPY,7258,2018-09-07
SPY,7258,2018-09-08
SPY,7258,2018-09-09
SPY,7254,2018-09-10
SPY,7254,2018-09-11
SPY,7266,2018-09-12
SPY,7270,2018-09-13
SPY,7275,2018-09-14
SPY,7275,2018-09-15
SPY,7275,2018-09-16
SPY,7272,2018-09-17
SPY,7271,2018-09-18
SPY,7272,2018-09-19
SPY,7276,2018-09-20
SPY,7278,2018-09-21
SPY,7278,2018-09-22
SPY,7278,2018-09-23
SPY,7279,2018-09-24
SPY,7276,2018-09-25
SPY,7282,2018-09-26
SPY,7286,2018-09-27
SPY,7293,2018-09-28
SPY,7293,2018-09-29
SPY,7293,2018-09-30
SPY,7293,2018-10-01
SPY,7290,2018-10-02
SPY,7290,2018-10-03
SPY,7296,2018-10-04
SPY,7301,2018-10-05
SPY,7301,2018-10-06
SPY,7301,2018-10-07
SPY,7300,2018-10-08
SPY,7300,2018-10-09
SPY,7299,2018-10-10
SPY,7305,2018-10-11
SPY,7307,2018-10-12
SPY,7307,2018-10-13
SPY,7307,2018-10-14
SPY,7311,2018-10-15
SPY,7312,2018-10-16
SPY,7315,2018-10-17
SPY,7315,2018-10-18
SPY,7314,2018-10-19
SPY,7314,2018-10-20
SPY,7314,2018-10-21
SPY,7312,2018-10-22
SPY,7317,2018-10-23
SPY,7316,2018-10-24
SPY,7317,2018-10-25
SPY,7320,2018-10-26
SPY,7320,2018-10-27
SPY,7320,2018-10-28
SPY,7322,2018-10-29
SPY,7325,2018-10-30
SPY,7331,2018-10-31
SPY,7325,2018-11-01
SPY,7330,2018-11-02
SPY,7330,2018-11-03
SPY,7330,2018-11-04
SPY,7328,2018-11-05
SPY,7326,2018-11-06
SPY,7324,2018-11-07
SPY,7324,2018-11-08
SPY,7328,2018-11-09
SPY,7328,2018-11-10
SPY,7328,2018-11-11
SPY,7319,2018-11-12
SPY,7319,2018-11-13
SPY,7318,2018-11-14
SPY,7327,2018-11-15
SPY,7324,2018-11-16
SPY,7324,2018-11-17
SPY,7324,2018-11-18
SPY,7322,2018-11-19
SPY,7322,2018-11-20
SPY,7325,2018-11-21
SPY,7325,2018-11-22
SPY,7323,2018-11-23
SPY,7323,2018-11-24
SPY,7323,2018-11-25
SPY,7325,2018-11-26
SPY,7321,2018-11-27
SPY,7321,2018-11-28
SPY,7325,2018-11-29
SPY,7325,2018-11-30
SPY,7325,2018-12-01
SPY,7325,2018-12-02
SPY,7323,2018-12-03
SPY,7323,2018-12-04
SPY,7323,2018-12-05
SPY,7327,2018-12-06
SPY,7324,2018-12-07
SPY,7324,2018-12-08
SPY,7324,2018-12-09
SPY,7322,2018-12-10
SPY,7329,2018-12-11
SPY,7329,2018-12-12
SPY,7328,2018-12-13
SPY,7329,2018-12-14
SPY,7329,2018-12-15
SPY,7329,2018-12-16
SPY,7317,2018-12-17
SPY,7318,2018-12-18
SPY,7319,2018-12-19
SPY,7310,2018-12-20
SPY,7307,2018-12-21
SPY,7307,2018-12-22
SPY,7307,2018-12-23
SPY,7306,2018-12-24
SPY,7306,2018-12-25
SPY,7307,2018-12-26
SPY,7308,2018-12-27
SPY,7304,2018-12-28
SPY,7304,2018-12-29
SPY,7304,2018-12-30
SPY,7301,2018-12-31
SPY,7301,2019-01-01
SPY,7294,2019-01-02
SPY,7295,2019-01-03
SPY,7295,2019-01-04
SPY,7295,2019-01-05
SPY,7295,2019-01-06
SPY,7295,2019-01-07
SPY,7294,2019-01-08
SPY,7296,2019-01-09
SPY,7294,2019-01-10
SPY,7289,2019-01-11
SPY,7289,2019-01-12
SPY,7289,2019-01-13
SPY,7286,2019-01-14
SPY,7285,2019-01-15
SPY,7295,2019-01-16
SPY,7294,2019-01-17
SPY,7294,2019-01-18
SPY,7294,2019-01-19
SPY,7294,2019-01-20
SPY,7294,2019-01-21
SPY,7286,2019-01-22
SPY,7289,2019-01-23
SPY,7289,2019-01-24
SPY,7289,2019-01-25
SPY,7289,2019-01-26
SPY,7289,2019-01-27
SPY,7286,2019-01-28
SPY,7286,2019-01-29
SPY,7291,2019-01-30
SPY,7293,2019-01-31
SPY,7290,2019-02-01
SPY,7290,2019-02-02
SPY,7290,2019-02-03
SPY,7291,2019-02-04
SPY,7291,2019-02-05
SPY,7292,2019-02-06
SPY,7294,2019-02-07
SPY,7291,2019-02-08
SPY,7291,2019-02-09
SPY,7291,2019-02-10
SPY,7292,2019-02-11
SPY,7290,2019-02-12
SPY,7289,2019-02-13
SPY,7291,2019-02-14
SPY,7289,2019-02-15
SPY,7289,2019-02-16
SPY,7289,2019-02-17
SPY,7289,2019-02-18
SPY,7288,2019-02-19
SPY,7286,2019-02-20
SPY,7269,2019-02-21
SPY,7270,2019-02-22
SPY,7270,2019-02-23
SPY,7270,2019-02-24
SPY,7269,2019-02-25
SPY,7270,2019-02-26
SPY,7271,2019-02-27
SPY,7279,2019-02-28
SPY,7274,2019-03-01
SPY,7274,2019-03-02
SPY,7274,2019-03-03
SPY,7271,2019-03-04
SPY,7270,2019-03-05
SPY,7278,2019-03-06
SPY,7285,2019-03-07
SPY,7283,2019-03-08
SPY,7283,2019-03-09
SPY,7283,2019-03-10
SPY,7283,2019-03-11
SPY,7283,2019-03-12
SPY,7290,2019-03-13
SPY,7287,2019-03-14
SPY,7278,2019-03-15
SPY,7278,2019-03-16
SPY,7278,2019-03-17
SPY,7279,2019-03-18
SPY,7278,2019-03-19
SPY,7279,2019-03-20
SPY,7282,2019-03-21
SPY,7283,2019-03-22
SPY,7283,2019-03-23
SPY,7283,2019-03-24
SPY,7286,2019-03-25
SPY,7284,2019-03-26
SPY,7282,2019-03-27
SPY,7283,2019-03-28
SPY,7284,2019-03-29
SPY,7284,2019-03-30
SPY,7284,2019-03-31
SPY,7278,2019-04-01
SPY,7278,2019-04-02
SPY,7286,2019-04-03
SPY,7291,2019-04-04
SPY,7290,2019-04-05
SPY,7290,2019-04-06
SPY,7290,2019-04-07
SPY,7286,2019-04-08
SPY,7289,2019-04-09
SPY,7292,2019-04-10
SPY,7296,2019-04-11
SPY,7297,2019-04-12
SPY,7297,2019-04-13
SPY,7297,2019-04-14
SPY,7292,2019-04-15
SPY,7298,2019-04-16
SPY,7301,2019-04-17
SPY,7306,2019-04-18
SPY,7306,2019-04-19
SPY,7306,2019-04-20
SPY,7306,2019-04-21
SPY,7307,2019-04-22
SPY,7307,2019-04-23
SPY,7308,2019-04-24
SPY,7306,2019-04-25
SPY,7304,2019-04-26
SPY,7304,2019-04-27
SPY,7304,2019-04-28
SPY,7304,2019-04-29
SPY,7304,2019-04-30
SPY,7301,2019-05-01
SPY,7301,2019-05-02
SPY,7306,2019-05-03
SPY,7306,2019-05-04
SPY,7306,2019-05-05
SPY,7307,2019-05-06
SPY,7306,2019-05-07
SPY,7312,2019-05-08
SPY,7327,2019-05-09
SPY,7333,2019-05-10
SPY,7333,2019-05-11
SPY,7333,2019-05-12
SPY,7334,2019-05-13
SPY,7336,2019-05-14
SPY,7331,2019-05-15
SPY,7335,2019-05-16
SPY,7333,2019-05-17
SPY,7333,2019-05-18
SPY,7333,2019-05-19
SPY,7333,2019-05-20
SPY,7337,2019-05-21
SPY,7338,2019-05-22
SPY,7343,2019-05-23
SPY,7342,2019-05-24
SPY,7342,2019-05-25
SPY,7342,2019-05-26
SPY,7342,2019-05-27
SPY,7343,2019-05-28
SPY,7343,2019-05-29
SPY,7344,2019-05-30
SPY,7344,2019-05-31
SPY,7344,2019-06-01
SPY,7344,2019-06-02
SPY,7342,2019-06-03
SPY,7342,2019-06-04
SPY,7344,2019-06-05
SPY,7350,2019-06-06
SPY,7352,2019-06-07
SPY,7352,2019-06-08
SPY,7352,2019-06-09
SPY,7353,2019-06-10
SPY,7352,2019-06-11
SPY,7355,2019-06-12
SPY,7355,2019-06-13
SPY,7354,2019-06-14
SPY,7354,2019-06-15
SPY,7354,2019-06-16
SPY,7351,2019-06-17
SPY,7351,2019-06-18
SPY,7353,2019-06-19
SPY,7361,2019-06-20
SPY,7365,2019-06-21
SPY,7365,2019-06-22
SPY,7365,2019-06-23
SPY,7357,2019-06-24
SPY,7364,2019-06-25
SPY,7368,2019-06-26
SPY,7373,2019-06-27
SPY,7374,2019-06-28
SPY,7374,2019-06-29
SPY,7374,2019-06-30
SPY,7376,2019-07-01
SPY,7373,2019-07-02
SPY,7375,2019-07-03
SPY,7375,2019-07-04
SPY,7377,2019-07-05
SPY,7377,2019-07-06
SPY,7377,2019-07-07
SPY,7373,2019-07-08
SPY,7373,2019-07-09
SPY,7371,2019-07-10
SPY,7371,2019-07-11
SPY,7373,2019-07-12
SPY,7373,2019-07-13
SPY,7373,2019-07-14
SPY,7375,2019-07-15
SPY,7379,2019-07-16
SPY,7382,2019-07-17
SPY,7391,2019-07-18
SPY,7391,2019-07-19
SPY,7391,2019-07-20
SPY,7391,2019-07-21
SPY,7389,2019-07-22
SPY,7389,2019-07-23
SPY,7394,2019-07-24
SPY,7398,2019-07-25
SPY,7400,2019-07-26
SPY,7400,2019-07-27
SPY,7400,2019-07-28
SPY,7398,2019-07-29
SPY,7397,2019-07-30
SPY,7403,2019-07-31
SPY,7405,2019-08-01
SPY,7402,2019-08-02
SPY,7402,2019-08-03
SPY,7402,2019-08-04
SPY,7405,2019-08-05
SPY,7403,2019-08-06
SPY,7403,2019-08-07
SPY,7403,2019-08-08
SPY,7404,2019-08-09
SPY,7404,2019-08-10
SPY,7404,2019-08-11
SPY,7400,2019-08-12
SPY,7399,2019-08-13
SPY,7402,2019-08-14
SPY,7402,2019-08-15
SPY,7402,2019-08-16
SPY,7402,2019-08-17
SPY,7402,2019-08-18
SPY,7404,2019-08-19
SPY,7407,2019-08-20
SPY,7402,2019-08-21
SPY,7399,2019-08-22
SPY,7397,2019-08-23
SPY,7397,2019-08-24
SPY,7397,2019-08-25
SPY,7396,2019-08-26
SPY,7396,2019-08-27
SPY,7396,2019-08-28
SPY,7394,2019-08-29
SPY,7390,2019-08-30
SPY,7390,2019-08-31
SPY,7390,2019-09-01
SPY,7390,2019-09-02
SPY,7391,2019-09-03
SPY,7388,2019-09-04
SPY,7388,2019-09-05
SPY,7386,2019-09-06
SPY,7386,2019-09-07
SPY,7386,2019-09-08
SPY,7389,2019-09-09
SPY,7384,2019-09-10
SPY,7388,2019-09-11
SPY,7386,2019-09-12
SPY,7387,2019-09-13
SPY,7387,2019-09-14
SPY,7387,2019-09-15
SPY,7388,2019-09-16
SPY,7390,2019-09-17
SPY,7392,2019-09-18
SPY,7401,2019-09-19
SPY,7400,2019-09-20
SPY,7400,2019-09-21
SPY,7400,2019-09-22
SPY,7398,2019-09-23
SPY,7398,2019-09-24
SPY,7408,2019-09-25
SPY,7411,2019-09-26
SPY,7411,2019-09-27
SPY,7411,2019-09-28
SPY,7411,2019-09-29
SPY,7410,2019-09-30
SPY,7414,2019-10-01
SPY,7413,2019-10-02
SPY,7416,2019-10-03
SPY,7418,2019-10-04
SPY,7418,2019-10-05
SPY,7418,2019-10-06
SPY,7414,2019-10-07
SPY,7417,2019-10-08
SPY,7416,2019-10-09
SPY,7421,2019-10-10
SPY,7421,2019-10-11
SPY,7421,2019-10-12
SPY,7421,2019-10-13
SPY,7418,2019-10-14
SPY,7417,2019-10-15
SPY,7421,2019-10-16
SPY,7422,2019-10-17
SPY,7423,2019-10-18
SPY,7423,2019-10-19
SPY,7423,2019-10-20
SPY,7421,2019-10-21
SPY,7420,2019-10-22
SPY,7418,2019-10-23
SPY,7424,2019-10-24
SPY,7435,2019-10-25
SPY,7435,2019-10-26
SPY,7435,2019-10-27
SPY,7428,2019-10-28
SPY,7429,2019-10-29
SPY,7428,2019-10-30
SPY,7431,2019-10-31
SPY,7434,2019-11-01
SPY,7434,2019-11-02
SPY,7434,2019-11-03
SPY,7435,2019-11-04
SPY,7440,2019-11-05
SPY,7441,2019-11-06
SPY,7454,2019-11-07
SPY,7457,2019-11-08
SPY,7457,2019-11-09
SPY,7457,2019-11-10
SPY,7453,2019-11-11
SPY,7453,2019-11-12
SPY,7447,2019-11-13
SPY,7454,2019-11-14
SPY,7456,2019-11-15
SPY,7456,2019-11-16
SPY,7456,2019-11-17
SPY,7454,2019-11-18
SPY,7451,2019-11-19
SPY,7453,2019-11-20
SPY,7455,2019-11-21
SPY,7457,2019-11-22
SPY,7457,2019-11-23
SPY,7457,2019-11-24
SPY,7456,2019-11-25
SPY,7456,2019-11-26
SPY,7457,2019-11-27
SPY,7457,2019-11-28
SPY,7458,2019-11-29
SPY,7458,2019-11-30
SPY,7458,2019-12-01
SPY,7458,2019-12-02
SPY,7457,2019-12-03
SPY,7460,2019-12-04
SPY,7459,2019-12-05
SPY,7457,2019-12-06
SPY,7457,2019-12-07
SPY,7457,2019-12-08
SPY,7458,2019-12-09
SPY,7457,2019-12-10
SPY,7460,2019-12-11
SPY,7464,2019-12-12
SPY,7470,2019-12-13
SPY,7470,2019-12-14
SPY,7470,2019-12-15
SPY,7464,2019-12-16
SPY,7462,2019-12-17
SPY,7463,2019-12-18
SPY,7461,2019-12-19
SPY,7460,2019-12-20
SPY,7460,2019-12-21
SPY,7460,2019-12-22
SPY,7457,2019-12-23
SPY,7457,2019-12-24
SPY,7457,2019-12-25
SPY,7454,2019-12-26
SPY,7458,2019-12-27
SPY,7458,2019-12-28
SPY,7458,2019-12-29
SPY,7451,2019-12-30
SPY,7449,2019-12-31
SPY,7449,2020-01-01
SPY,7444,2020-01-02
SPY,7446,2020-01-03
SPY,7446,2020-01-04
SPY,7446,2020-01-05
SPY,7449,2020-01-06
SPY,7446,2020-01-07
SPY,7447,2020-01-08
SPY,7448,2020-01-09
SPY,7450,2020-01-10
SPY,7450,2020-01-11
SPY,7450,2020-01-12
SPY,7451,2020-01-13
SPY,7454,2020-01-14
SPY,7452,2020-01-15
SPY,7452,2020-01-16
SPY,7454,2020-01-17
SPY,7454,2020-01-18
SPY,7454,2020-01-19
SPY,7454,2020-01-20
SPY,7449,2020-01-21
SPY,7451,2020-01-22
SPY,7450,2020-01-23
SPY,7453,2020-01-24
SPY,7453,2020-01-25
SPY,7453,2020-01-26
SPY,7451,2020-01-27
SPY,7452,2020-01-28
SPY,7455,2020-01-29
SPY,7457,2020-01-30
SPY,7458,2020-01-31
SPY,7458,2020-02-01
SPY,7458,2020-02-02
SPY,7461,2020-02-03
SPY,7460,2020-02-04
SPY,7465,2020-02-05
SPY,7469,2020-02-06
SPY,7473,2020-02-07
SPY,7473,2020-02-08
SPY,7473,2020-02-09
SPY,7467,2020-02-10
SPY,7468,2020-02-11
SPY,7470,2020-02-12
SPY,7474,2020-02-13
SPY,7471,2020-02-14
SPY,7471,2020-02-15
SPY,7471,2020-02-16
SPY,7471,2020-02-17
SPY,7429,2020-02-18
SPY,7431,2020-02-19
SPY,7433,2020-02-20
SPY,7435,2020-02-21
SPY,7435,2020-02-22
SPY,7435,2020-02-23
SPY,7437,2020-02-24
SPY,7439,2020-02-25
SPY,7439,2020-02-26
SPY,7454,2020-02-27
SPY,7462,2020-02-28
SPY,7462,2020-02-29
SPY,7462,2020-03-01
SPY,7458,2020-03-02
SPY,7460,2020-03-03
SPY,7460,2020-03-04
SPY,7455,2020-03-05
SPY,7451,2020-03-06
SPY,7451,2020-03-07
SPY,7451,2020-03-08
SPY,7451,2020-03-09
SPY,7448,2020-03-10
SPY,7449,2020-03-11
SPY,7449,2020-03-12
SPY,7443,2020-03-13
SPY,7443,2020-03-14
SPY,7443,2020-03-15
SPY,7445,2020-03-16
SPY,7446,2020-03-17
SPY,7452,2020-03-18
SPY,7451,2020-03-19
SPY,7451,2020-03-20
SPY,7451,2020-03-21
SPY,7451,2020-03-22
SPY,7448,2020-03-23
SPY,7449,2020-03-24
SPY,7445,2020-03-25
SPY,7442,2020-03-26
SPY,7439,2020-03-27
SPY,7439,2020-03-28
SPY,7439,2020-03-29
SPY,7426,2020-03-30
SPY,7417,2020-03-31
SPY,7414,2020-04-01
SPY,7415,2020-04-02
SPY,7416,2020-04-03
SPY,7416,2020-04-04
SPY,7416,2020-04-05
SPY,7415,2020-04-06
SPY,7416,2020-04-07
SPY,7418,2020-04-08
SPY,7421,2020-04-09
SPY,7421,2020-04-10
SPY,7421,2020-04-11
SPY,7421,2020-04-12
SPY,7419,2020-04-13
SPY,7419,2020-04-14
SPY,7417,2020-04-15
SPY,7417,2020-04-16
SPY,7414,2020-04-17
SPY,7414,2020-04-18
SPY,7414,2020-04-19
SPY,7412,2020-04-20
SPY,7406,2020-04-21
SPY,7407,2020-04-22
SPY,7407,2020-04-23
SPY,7413,2020-04-24
SPY,7413,2020-04-25
SPY,7413,2020-04-26
SPY,7413,2020-04-27
SPY,7412,2020-04-28
SPY,7413,2020-04-29
SPY,7413,2020-04-30
SPY,7417,2020-05-01
SPY,7417,2020-05-02
SPY,7417,2020-05-03
SPY,7417,2020-05-04
SPY,7416,2020-05-05
SPY,7421,2020-05-06
SPY,7418,2020-05-07
SPY,7422,2020-05-08
SPY,7422,2020-05-09
SPY,7422,2020-05-10
SPY,7425,2020-05-11
SPY,7423,2020-05-12
SPY,7423,2020-05-13
SPY,7424,2020-05-14
SPY,7429,2020-05-15
SPY,7429,2020-05-16
SPY,7429,2020-05-17
SPY,7429,2020-05-18
SPY,7427,2020-05-19
SPY,7420,2020-05-20
SPY,7424,2020-05-21
SPY,7425,2020-05-22
SPY,7425,2020-05-23
SPY,7425,2020-05-24
SPY,7425,2020-05-25
SPY,7424,2020-05-26
SPY,7424,2020-05-27
SPY,7416,2020-05-28
SPY,7417,2020-05-29
SPY,7417,2020-05-30
SPY,7417,2020-05-31
SPY,7416,2020-06-01
SPY,7412,2020-06-02
SPY,7423,2020-06-03
SPY,7430,2020-06-04
SPY,7437,2020-06-05
SPY,7437,2020-06-06
SPY,7437,2020-06-07
SPY,7433,2020-06-08
SPY,7434,2020-06-09
SPY,7435,2020-06-10
SPY,7440,2020-06-11
SPY,7448,2020-06-12
SPY,7448,2020-06-13
SPY,7448,2020-06-14
SPY,7446,2020-06-15
SPY,7448,2020-06-16
SPY,7446,2020-06-17
SPY,7458,2020-06-18
SPY,7465,2020-06-19
SPY,7465,2020-06-20
SPY,7465,2020-06-21
SPY,7465,2020-06-22
SPY,7466,2020-06-23
SPY,7470,2020-06-24
SPY,7476,2020-06-25
SPY,7486,2020-06-26
SPY,7486,2020-06-27
SPY,7486,2020-06-28
SPY,7486,2020-06-29
SPY,7484,2020-06-30
SPY,7491,2020-07-01
SPY,7490,2020-07-02
SPY,7490,2020-07-03
SPY,7490,2020-07-04
SPY,7490,2020-07-05
SPY,7489,2020-07-06
SPY,7490,2020-07-07
SPY,7492,2020-07-08
SPY,7493,2020-07-09
SPY,7496,2020-07-10
SPY,7496,2020-07-11
SPY,7496,2020-07-12
SPY,7497,2020-07-13
SPY,7500,2020-07-14
SPY,7506,2020-07-15
SPY,7509,2020-07-16
SPY,7514,2020-07-17
SPY,7514,2020-07-18
SPY,7514,2020-07-19
SPY,7517,2020-07-20
SPY,7518,2020-07-21
SPY,7523,2020-07-22
SPY,7525,2020-07-23
SPY,7534,2020-07-24
SPY,7534,2020-07-25
SPY,7534,2020-07-26
SPY,7534,2020-07-27
SPY,7534,2020-07-28
SPY,7536,2020-07-29
SPY,7543,2020-07-30
SPY,7546,2020-07-31
SPY,7546,2020-08-01
SPY,7546,2020-08-02
SPY,7540,2020-08-03
SPY,7542,2020-08-04
SPY,7546,2020-08-05
SPY,7547,2020-08-06
SPY,7554,2020-08-07
SPY,7554,2020-08-08
SPY,7554,2020-08-09
SPY,7553,2020-08-10
SPY,7550,2020-08-11
SPY,7554,2020-08-12
SPY,7559,2020-08-13
SPY,7568,2020-08-14
SPY,7568,2020-08-15
SPY,7568,2020-08-16
SPY,7565,2020-08-17
SPY,7559,2020-08-18
SPY,7563,2020-08-19
SPY,7568,2020-08-20
SPY,7573,2020-08-21
SPY,7573,2020-08-22
SPY,7573,2020-08-23
SPY,7566,2020-08-24
SPY,7566,2020-08-25
SPY,7568,2020-08-26
SPY,7572,2020-08-27
SPY,7576,2020-08-28
SPY,7576,2020-08-29
SPY,7576,2020-08-30
SPY,7573,2020-08-31
SPY,7574,2020-09-01
SPY,7579,2020-09-02
SPY,7584,2020-09-03
SPY,7592,2020-09-04
SPY,7592,2020-09-05
SPY,7592,2020-09-06
SPY,7592,2020-09-07
SPY,7592,2020-09-08
SPY,7593,2020-09-09
SPY,7597,2020-09-10
SPY,7605,2020-09-11
SPY,7605,2020-09-12
SPY,7605,2020-09-13
SPY,7609,2020-09-14
SPY,7611,2020-09-15
SPY,7623,2020-09-16
SPY,7636,2020-09-17
SPY,7645,2020-09-18
SPY,7645,2020-09-19
SPY,7645,2020-09-20
SPY,7657,2020-09-21
SPY,7659,2020-09-22
SPY,7670,2020-09-23
SPY,7676,2020-09-24
SPY,7690,2020-09-25
SPY,7690,2020-09-26
SPY,7690,2020-09-27
SPY,7669,2020-09-28
SPY,7670,2020-09-29
SPY,7673,2020-09-30
SPY,7685,2020-10-01
SPY,7692,2020-10-02
SPY,7692,2020-10-03
SPY,7692,2020-10-04
SPY,7699,2020-10-05
SPY,7702,2020-10-06
SPY,7708,2020-10-07
SPY,7719,2020-10-08
SPY,7729,2020-10-09
SPY,7729,2020-10-10
SPY,7729,2020-10-11
SPY,7730,2020-10-12
SPY,7731,2020-10-13
SPY,7728,2020-10-14
SPY,7739,2020-10-15
SPY,7748,2020-10-16
SPY,7748,2020-10-17
SPY,7748,2020-10-18
SPY,7745,2020-10-19
SPY,7747,2020-10-20
SPY,7759,2020-10-21
SPY,7762,2020-10-22
SPY,7768,2020-10-23
SPY,7768,2020-10-24
SPY,7768,2020-10-25
SPY,7766,2020-10-26
SPY,7773,2020-10-27
SPY,7784,2020-10-28
SPY,7792,2020-10-29
SPY,7798,2020-10-30
SPY,7798,2020-10-31
SPY,7798,2020-11-01
SPY,7790,2020-11-02
SPY,7793,2020-11-03
SPY,7791,2020-11-04
SPY,7795,2020-11-05
SPY,7796,2020-11-06
SPY,7796,2020-11-07
SPY,7796,2020-11-08
SPY,7798,2020-11-09
SPY,7802,2020-11-10
SPY,7801,2020-11-11
SPY,7805,2020-11-12
SPY,7815,2020-11-13
SPY,7815,2020-11-14
SPY,7815,2020-11-15
SPY,7820,2020-11-16
SPY,7824,2020-11-17
SPY,7825,2020-11-18
SPY,7841,2020-11-19
SPY,7853,2020-11-20
SPY,7853,2020-11-21
SPY,7853,2020-11-22
SPY,7865,2020-11-23
SPY,7867,2020-11-24
SPY,7875,2020-11-25
SPY,7875,2020-11-26
SPY,7882,2020-11-27
SPY,7882,2020-11-28
SPY,7882,2020-11-29
SPY,7891,2020-11-30
SPY,7892,2020-12-01
SPY,7899,2020-12-02
SPY,7909,2020-12-03
SPY,7911,2020-12-04
SPY,7911,2020-12-05
SPY,7911,2020-12-06
SPY,7914,2020-12-07
SPY,7923,2020-12-08
SPY,7936,2020-12-09
SPY,7949,2020-12-10
SPY,7962,2020-12-11
SPY,7962,2020-12-12
SPY,7962,2020-12-13
SPY,7963,2020-12-14
SPY,7971,2020-12-15
SPY,7969,2020-12-16
SPY,7973,2020-12-17
SPY,7981,2020-12-18
SPY,7981,2020-12-19
SPY,7981,2020-12-20
SPY,7981,2020-12-21
SPY,7980,2020-12-22
SPY,7986,2020-12-23
SPY,7982,2020-12-24
SPY,7982,2020-12-25
SPY,7982,2020-12-26
SPY,7982,2020-12-27
SPY,7983,2020-12-28
SPY,7986,2020-12-29
SPY,7987,2020-12-30
SPY,7990,2020-12-31
SPY,7990,2021-01-01
SPY,7990,2021-01-02
SPY,7990,2021-01-03
SPY,7999,2021-01-04
SPY,8005,2021-01-05
SPY,8008,2021-01-06
SPY,8017,2021-01-07
SPY,8033,2021-01-08
SPY,8033,2021-01-09
SPY,8033,2021-01-10
SPY,8038,2021-01-11
SPY,8049,2021-01-12
SPY,8057,2021-01-13
SPY,8066,2021-01-14
SPY,8081,2021-01-15
SPY,8081,2021-01-16
SPY,8081,2021-01-17
SPY,8081,2021-01-18
SPY,8082,2021-01-19
SPY,8084,2021-01-20
SPY,8086,2021-01-21
SPY,8094,2021-01-22
SPY,8094,2021-01-23
SPY,8094,2021-01-24
SPY,8106,2021-01-25
SPY,8122,2021-01-26
SPY,8132,2021-01-27
SPY,8143,2021-01-28
SPY,8162,2021-01-29
SPY,8162,2021-01-30
SPY,8162,2021-01-31
SPY,8172,2021-02-01
SPY,8179,2021-02-02
SPY,8183,2021-02-03
SPY,8201,2021-02-04
SPY,8230,2021-02-05
SPY,8230,2021-02-06
SPY,8230,2021-02-07
SPY,8238,2021-02-08
SPY,8251,2021-02-09
SPY,8259,2021-02-10
SPY,8267,2021-02-11
SPY,8273,2021-02-12
SPY,8273,2021-02-13
SPY,8273,2021-02-14
SPY,8273,2021-02-15
SPY,8273,2021-02-16
SPY,8288,2021-02-17
SPY,8294,2021-02-18
SPY,8303,2021-02-19
SPY,8303,2021-02-20
SPY,8303,2021-02-21
SPY,8305,2021-02-22
SPY,8313,2021-02-23
SPY,8323,2021-02-24
SPY,8335,2021-02-25
SPY,8348,2021-02-26
SPY,8348,2021-02-27
SPY,8348,2021-02-28
SPY,8377,2021-03-01
SPY,8395,2021-03-02
SPY,8404,2021-03-03
SPY,8417,2021-03-04
SPY,8438,2021-03-05
SPY,8438,2021-03-06
SPY,8438,2021-03-07
SPY,8449,2021-03-08
SPY,8449,2021-03-09
SPY,8462,2021-03-10
SPY,8476,2021-03-11
SPY,8491,2021-03-12
SPY,8491,2021-03-13
SPY,8491,2021-03-14
SPY,8508,2021-03-15
SPY,8515,2021-03-16
SPY,8526,2021-03-17
SPY,8549,2021-03-18
SPY,8564,2021-03-19
SPY,8564,2021-03-20
SPY,8564,2021-03-21
SPY,8574,2021-03-22
SPY,8582,2021-03-23
SPY,8597,2021-03-24
SPY,8618,2021-03-25
SPY,8636,2021-03-26
SPY,8636,2021-03-27
SPY,8636,2021-03-28
SPY,8664,2021-03-29
SPY,8678,2021-03-30
SPY,8680,2021-03-31
SPY,8694,2021-04-01
SPY,8694,2021-04-02
SPY,8694,2021-04-03
SPY,8694,2021-04-04
SPY,8715,2021-04-05
SPY,8716,2021-04-06
SPY,8715,2021-04-07
SPY,8716,2021-04-08
SPY,8728,2021-04-09
SPY,8728,2021-04-10
SPY,8728,2021-04-11
SPY,8740,2021-04-12
SPY,8742,2021-04-13
SPY,8745,2021-04-14
SPY,8756,2021-04-15
SPY,8768,2021-04-16
SPY,8768,2021-04-17
SPY,8768,2021-04-18
SPY,8792,2021-04-19
SPY,8794,2021-04-20
SPY,8797,2021-04-21
SPY,8825,2021-04-22
SPY,8821,2021-04-23
SPY,8821,2021-04-24
SPY,8821,2021-04-25
SPY,8842,2021-04-26
SPY,8845,2021-04-27
SPY,8848,2021-04-28
SPY,8859,2021-04-29
SPY,8873,2021-04-30
SPY,8873,2021-05-01
SPY,8873,2021-05-02
SPY,8893,2021-05-03
SPY,8897,2021-05-04
SPY,8900,2021-05-05
SPY,8915,2021-05-06
SPY,8923,2021-05-07
SPY,8923,2021-05-08
SPY,8923,2021-05-09
SPY,8942,2021-05-10
SPY,8950,2021-05-11
SPY,8955,2021-05-12
SPY,8972,2021-05-13
SPY,8990,2021-05-14
SPY,8990,2021-05-15
SPY,8990,2021-05-16
SPY,8992,2021-05-17
SPY,9004,2021-05-18
SPY,9008,2021-05-19
SPY,9016,2021-05-20
SPY,9024,2021-05-21
SPY,9024,2021-05-22
SPY,9024,2021-05-23
SPY,9027,2021-05-24
SPY,9028,2021-05-25
SPY,9042,2021-05-26
SPY,9047,2021-05-27
SPY,9056,2021-05-28
SPY,9056,2021-05-29
SPY,9056,2021-05-30
SPY,9056,2021-05-31
SPY,9054,2021-06-01
SPY,9055,2021-06-02
SPY,9053,2021-06-03
SPY,9052,2021-06-04
SPY,9052,2021-06-05
SPY,9052,2021-06-06
SPY,9059,2021-06-07
SPY,9063,2021-06-08
SPY,9066,2021-06-09
SPY,9069,2021-06-10
SPY,9074,2021-06-11
SPY,9074,2021-06-12
SPY,9074,2021-06-13
SPY,9079,2021-06-14
SPY,9082,2021-06-15
SPY,9089,2021-06-16
SPY,9103,2021-06-17
SPY,9113,2021-06-18
SPY,9113,2021-06-19
SPY,9113,2021-06-20
SPY,9115,2021-06-21
SPY,9112,2021-06-22
SPY,9122,2021-06-23
SPY,9130,2021-06-24
SPY,9131,2021-06-25
SPY,9131,2021-06-26
SPY,9131,2021-06-27
SPY,9131,2021-06-28
SPY,9148,2021-06-29
SPY,9152,2021-06-30
SPY,9156,2021-07-01
SPY,9156,2021-07-02
SPY,9156,2021-07-03
SPY,9156,2021-07-04
SPY,9156,2021-07-05
SPY,9161,2021-07-06
SPY,9167,2021-07-07
SPY,9172,2021-07-08
SPY,9185,2021-07-09
SPY,9185,2021-07-10
SPY,9185,2021-07-11
SPY,9183,2021-07-12
SPY,9192,2021-07-13
SPY,9206,2021-07-14
SPY,9208,2021-07-15
SPY,9215,2021-07-16
SPY,9215,2021-07-17
SPY,9215,2021-07-18
SPY,9213,2021-07-19
SPY,9221,2021-07-20
SPY,9226,2021-07-21
SPY,9233,2021-07-22
SPY,9240,2021-07-23
SPY,9240,2021-07-24
SPY,9240,2021-07-25
SPY,9238,2021-07-26
SPY,9246,2021-07-27
SPY,9259,2021-07-28
SPY,9268,2021-07-29
SPY,9280,2021-07-30
SPY,9280,2021-07-31
SPY,9280,2021-08-01
SPY,9280,2021-08-02
SPY,9279,2021-08-03
SPY,9287,2021-08-04
SPY,9297,2021-08-05
SPY,9303,2021-08-06
SPY,9303,2021-08-07
SPY,9303,2021-08-08
SPY,9306,2021-08-09
SPY,9310,2021-08-10
SPY,9314,2021-08-11
SPY,9313,2021-08-12
SPY,9325,2021-08-13
SPY,9325,2021-08-14
SPY,9325,2021-08-15
SPY,9323,2021-08-16
SPY,9326,2021-08-17
SPY,9331,2021-08-18
SPY,9336,2021-08-19
SPY,9335,2021-08-20
SPY,9335,2021-08-21
SPY,9335,2021-08-22
SPY,9338,2021-08-23
SPY,9336,2021-08-24
SPY,9339,2021-08-25
SPY,9345,2021-08-26
SPY,9339,2021-08-27
SPY,9339,2021-08-28
SPY,9339,2021-08-29
SPY,9344,2021-08-30
SPY,9346,2021-08-31
SPY,9351,2021-09-01
SPY,9347,2021-09-02
SPY,9350,2021-09-03
SPY,9350,2021-09-04
SPY,9350,2021-09-05
SPY,9350,2021-09-06
SPY,9350,2021-09-07
SPY,9351,2021-09-08
SPY,9362,2021-09-09
SPY,9362,2021-09-10
SPY,9362,2021-09-11
SPY,9362,2021-09-12
SPY,9367,2021-09-13
SPY,9375,2021-09-14
SPY,9377,2021-09-15
SPY,9385,2021-09-16
SPY,9391,2021-09-17
SPY,9391,2021-09-18
SPY,9391,2021-09-19
SPY,9389,2021-09-20
SPY,9401,2021-09-21
SPY,9409,2021-09-22
SPY,9416,2021-09-23
SPY,9425,2021-09-24
SPY,9425,2021-09-25
SPY,9425,2021-09-26
SPY,9425,2021-09-27
SPY,9439,2021-09-28
SPY,9448,2021-09-29
SPY,9463,2021-09-30
SPY,9473,2021-10-01
SPY,9473,2021-10-02
SPY,9473,2021-10-03
SPY,9479,2021-10-04
SPY,9484,2021-10-05
SPY,9467,2021-10-06
SPY,9480,2021-10-07
SPY,9482,2021-10-08
SPY,9482,2021-10-09
SPY,9482,2021-10-10
SPY,9486,2021-10-11
SPY,9492,2021-10-12
SPY,9495,2021-10-13
SPY,9507,2021-10-14
SPY,9506,2021-10-15
SPY,9506,2021-10-16
SPY,9506,2021-10-17
SPY,9510,2021-10-18
SPY,9513,2021-10-19
SPY,9517,2021-10-20
SPY,9526,2021-10-21
SPY,9529,2021-10-22
SPY,9529,2021-10-23
SPY,9529,2021-10-24
SPY,9533,2021-10-25
SPY,9540,2021-10-26
SPY,9552,2021-10-27
SPY,9567,2021-10-28
SPY,9573,2021-10-29
SPY,9573,2021-10-30
SPY,9573,2021-10-31
SPY,9579,2021-11-01
SPY,9585,2021-11-02
SPY,9597,2021-11-03
SPY,9613,2021-11-04
SPY,9626,2021-11-05
SPY,9626,2021-11-06
SPY,9626,2021-11-07
SPY,9628,2021-11-08
SPY,9648,2021-11-09
SPY,9660,2021-11-10
SPY,9666,2021-11-11
SPY,9676,2021-11-12
SPY,9676,2021-11-13
SPY,9676,2021-11-14
SPY,9674,2021-11-15
SPY,9687,2021-11-16
SPY,9701,2021-11-17
SPY,9712,2021-11-18
SPY,9719,2021-11-19
SPY,9719,2021-11-20
SPY,9719,2021-11-21
SPY,9726,2021-11-22
SPY,9723,2021-11-23
SPY,9730,2021-11-24
SPY,9730,2021-11-25
SPY,9738,2021-11-26
SPY,9738,2021-11-27
SPY,9738,2021-11-28
SPY,9748,2021-11-29
SPY,9753,2021-11-30
SPY,9756,2021-12-01
SPY,9764,2021-12-02
SPY,9768,2021-12-03
SPY,9768,2021-12-04
SPY,9768,2021-12-05
SPY,9770,2021-12-06
SPY,9777,2021-12-07
SPY,9787,2021-12-08
SPY,9802,2021-12-09
SPY,9812,2021-12-10
SPY,9812,2021-12-11
SPY,9812,2021-12-12
SPY,9823,2021-12-13
SPY,9832,2021-12-14
SPY,9842,2021-12-15
SPY,9851,2021-12-16
SPY,9864,2021-12-17
SPY,9864,2021-12-18
SPY,9864,2021-12-19
SPY,9874,2021-12-20
SPY,9881,2021-12-21
SPY,9884,2021-12-22
SPY,9882,2021-12-23
SPY,9882,2021-12-24
SPY,9882,2021-12-25
SPY,9882,2021-12-26
SPY,9896,2021-12-27
SPY,9893,2021-12-28
SPY,9896,2021-12-29
SPY,9905,2021-12-30
SPY,9911,2021-12-31
SPY,9911,2022-01-01
SPY,9911,2022-01-02
SPY,9919,2022-01-03
SPY,9920,2022-01-04
SPY,9926,2022-01-05
SPY,9932,2022-01-06
SPY,9937,2022-01-07
SPY,9937,2022-01-08
SPY,9937,2022-01-09
SPY,9952,2022-01-10
SPY,9964,2022-01-11
SPY,9971,2022-01-12
SPY,9978,2022-01-13
SPY,9987,2022-01-14
SPY,9987,2022-01-15
SPY,9987,2022-01-16
SPY,9987,2022-01-17
SPY,9983,2022-01-18
SPY,9985,2022-01-19
SPY,10002,2022-01-20
SPY,10012,2022-01-21
SPY,10012,2022-01-22
SPY,10012,2022-01-23
SPY,10023,2022-01-24
SPY,10024,2022-01-25
SPY,10031,2022-01-26
SPY,10037,2022-01-27
SPY,10039,2022-01-28
SPY,10039,2022-01-29
SPY,10039,2022-01-30
SPY,10051,2022-01-31
SPY,10055,2022-02-01
SPY,10054,2022-02-02
SPY,10060,2022-02-03
SPY,10072,2022-02-04
SPY,10072,2022-02-05
SPY,10072,2022-02-06
SPY,10086,2022-02-07
SPY,10093,2022-02-08
SPY,10097,2022-02-09
SPY,10109,2022-02-10
SPY,10117,2022-02-11
SPY,10117,2022-02-12
SPY,10117,2022-02-13
SPY,10117,2022-02-14
SPY,10121,2022-02-15
SPY,10123,2022-02-16
SPY,10130,2022-02-17
SPY,10128,2022-02-18
SPY,10128,2022-02-19
SPY,10128,2022-02-20
SPY,10128,2022-02-21
SPY,10131,2022-02-22
SPY,10136,2022-02-23
SPY,10150,2022-02-24
SPY,10151,2022-02-25
SPY,10151,2022-02-26
SPY,10151,2022-02-27
SPY,10154,2022-02-28
SPY,10156,2022-03-01
SPY,10151,2022-03-02
SPY,10153,2022-03-03
SPY,10160,2022-03-04
SPY,10160,2022-03-05
SPY,10160,2022-03-06
SPY,10164,2022-03-07
SPY,10166,2022-03-08
SPY,10164,2022-03-09
SPY,10167,2022-03-10
SPY,10167,2022-03-11
SPY,10167,2022-03-12
SPY,10167,2022-03-13
SPY,10177,2022-03-14
SPY,10175,2022-03-15
SPY,10179,2022-03-16
SPY,10188,2022-03-17
SPY,10188,2022-03-18
SPY,10188,2022-03-19
SPY,10188,2022-03-20
SPY,10193,2022-03-21
SPY,10193,2022-03-22
SPY,10197,2022-03-23
SPY,10206,2022-03-24
SPY,10209,2022-03-25
SPY,10209,2022-03-26
SPY,10209,2022-03-27
SPY,10214,2022-03-28
SPY,10212,2022-03-29
SPY,10214,2022-03-30
SPY,10221,2022-03-31
SPY,10220,2022-04-01
SPY,10220,2022-04-02
SPY,10220,2022-04-03
SPY,10227,2022-04-04
SPY,10225,2022-04-05
SPY,10229,2022-04-06
SPY,10231,2022-04-07
SPY,10226,2022-04-08
SPY,10226,2022-04-09
SPY,10226,2022-04-10
SPY,10223,2022-04-11
SPY,10226,2022-04-12
SPY,10221,2022-04-13
SPY,10227,2022-04-14
SPY,10227,2022-04-15
SPY,10227,2022-04-16
SPY,10227,2022-04-17
SPY,10232,2022-04-18
SPY,10233,2022-04-19
SPY,10233,2022-04-20
SPY,10239,2022-04-21
SPY,10246,2022-04-22
SPY,10246,2022-04-23
SPY,10246,2022-04-24
SPY,10246,2022-04-25
SPY,10242,2022-04-26
SPY,10252,2022-04-27
SPY,10252,2022-04-28
SPY,10253,2022-04-29
SPY,10253,2022-04-30
SPY,10253,2022-05-01
SPY,10254,2022-05-02
SPY,10249,2022-05-03
SPY,10252,2022-05-04
SPY,10256,2022-05-05
SPY,10260,2022-05-06
SPY,10260,2022-05-07
SPY,10260,2022-05-08
SPY,10263,2022-05-09
SPY,10267,2022-05-10
SPY,10267,2022-05-11
SPY,10270,2022-05-12
SPY,10270,2022-05-13
SPY,10270,2022-05-14
SPY,10270,2022-05-15
SPY,10268,2022-05-16
SPY,10270,2022-05-17
SPY,10274,2022-05-18
SPY,10275,2022-05-19
SPY,10272,2022-05-20
SPY,10272,2022-05-21
SPY,10272,2022-05-22
SPY,10274,2022-05-23
SPY,10276,2022-05-24
SPY,10276,2022-05-25
SPY,10270,2022-05-26
SPY,10269,2022-05-27
SPY,10269,2022-05-28
SPY,10269,2022-05-29
SPY,10269,2022-05-30
SPY,10273,2022-05-31
SPY,10272,2022-06-01
SPY,10275,2022-06-02
SPY,10277,2022-06-03
SPY,10277,2022-06-04
SPY,10277,2022-06-05
SPY,10274,2022-06-06
SPY,10278,2022-06-07
SPY,10276,2022-06-08
SPY,10278,2022-06-09
SPY,10277,2022-06-10
SPY,10277,2022-06-11
SPY,10277,2022-06-12
SPY,10274,2022-06-13
SPY,10274,2022-06-14
SPY,10279,2022-06-15
SPY,10286,2022-06-16
SPY,10288,2022-06-17
SPY,10288,2022-06-18
SPY,10288,2022-06-19
SPY,10288,2022-06-20
SPY,10290,2022-06-21
SPY,10293,2022-06-22
SPY,10299,2022-06-23
SPY,10301,2022-06-24
SPY,10301,2022-06-25
SPY,10301,2022-06-26
SPY,10302,2022-06-27
SPY,10305,2022-06-28
SPY,10306,2022-06-29
SPY,10307,2022-06-30
SPY,10306,2022-07-01
SPY,10306,2022-07-02
SPY,10306,2022-07-03
SPY,10306,2022-07-04
SPY,10307,2022-07-05
SPY,10313,2022-07-06
SPY,10306,2022-07-07
SPY,10306,2022-07-08
SPY,10306,2022-07-09
SPY,10306,2022-07-10
SPY,10303,2022-07-11
SPY,10303,2022-07-12
SPY,10303,2022-07-13
SPY,10302,2022-07-14
SPY,10303,2022-07-15
SPY,10303,2022-07-16
SPY,10303,2022-07-17
SPY,10300,2022-07-18
SPY,10299,2022-07-19
SPY,10296,2022-07-20
SPY,10294,2022-07-21
SPY,10293,2022-07-22
SPY,10293,2022-07-23
SPY,10293,2022-07-24
SPY,10291,2022-07-25
SPY,10291,2022-07-26
SPY,10287,2022-07-27
SPY,10291,2022-07-28
SPY,10288,2022-07-29
SPY,10288,2022-07-30
SPY,10288,2022-07-31
SPY,10285,2022-08-01
SPY,10286,2022-08-02
SPY,10284,2022-08-03
SPY,10279,2022-08-04
SPY,10278,2022-08-05
SPY,10278,2022-08-06
SPY,10278,2022-08-07
SPY,10284,2022-08-08
SPY,10296,2022-08-09
SPY,10293,2022-08-10
SPY,10297,2022-08-11
SPY,10299,2022-08-12
SPY,10299,2022-08-13
SPY,10299,2022-08-14
SPY,10296,2022-08-15
SPY,10292,2022-08-16
SPY,10289,2022-08-17
SPY,10287,2022-08-18
SPY,10287,2022-08-19
SPY,10287,2022-08-20
SPY,10287,2022-08-21
SPY,10290,2022-08-22
SPY,10277,2022-08-23
SPY,10282,2022-08-24
SPY,10281,2022-08-25
SPY,10280,2022-08-26
SPY,10280,2022-08-27
SPY,10280,2022-08-28
SPY,10279,2022-08-29
SPY,10281,2022-08-30
SPY,10277,2022-08-31
SPY,10272,2022-09-01
SPY,10270,2022-09-02
SPY,10270,2022-09-03
SPY,10270,2022-09-04
SPY,10270,2022-09-05
SPY,10266,2022-09-06
SPY,10266,2022-09-07
SPY,10273,2022-09-08
SPY,10271,2022-09-09
SPY,10271,2022-09-10
SPY,10271,2022-09-11
SPY,10273,2022-09-12
SPY,10269,2022-09-13
SPY,10268,2022-09-14
SPY,10271,2022-09-15
SPY,10274,2022-09-16
SPY,10274,2022-09-17
SPY,10274,2022-09-18
SPY,10268,2022-09-19
SPY,10271,2022-09-20
SPY,10270,2022-09-21
SPY,10274,2022-09-22
SPY,10273,2022-09-23
SPY,10273,2022-09-24
SPY,10273,2022-09-25
SPY,10271,2022-09-26
SPY,10271,2022-09-27
SPY,10273,2022-09-28
SPY,10277,2022-09-29
SPY,10282,2022-09-30
SPY,10282,2022-10-01
SPY,10282,2022-10-02
SPY,10273,2022-10-03
SPY,10270,2022-10-04
SPY,10269,2022-10-05
SPY,10264,2022-10-06
SPY,10260,2022-10-07
SPY,10260,2022-10-08
SPY,10260,2022-10-09
SPY,10255,2022-10-10
SPY,10257,2022-10-11
SPY,10259,2022-10-12
SPY,10263,2022-10-13
SPY,10263,2022-10-14
SPY,10263,2022-10-15
SPY,10263,2022-10-16
SPY,10255,2022-10-17
SPY,10251,2022-10-18
SPY,10250,2022-10-19
SPY,10248,2022-10-20
SPY,10241,2022-10-21
SPY,10241,2022-10-22
SPY,10241,2022-10-23
SPY,10233,2022-10-24
SPY,10222,2022-10-25
SPY,10221,2022-10-26
SPY,10219,2022-10-27
SPY,10215,2022-10-28
SPY,10215,2022-10-29
SPY,10215,2022-10-30
SPY,10209,2022-10-31
SPY,10204,2022-11-01
SPY,10203,2022-11-02
SPY,10206,2022-11-03
SPY,10203,2022-11-04
SPY,10203,2022-11-05
SPY,10203,2022-11-06
SPY,10199,2022-11-07
SPY,10199,2022-11-08
SPY,10203,2022-11-09
SPY,10207,2022-11-10
SPY,10202,2022-11-11
SPY,10202,2022-11-12
SPY,10202,2022-11-13
SPY,10199,2022-11-14
SPY,10195,2022-11-15
SPY,10194,2022-11-16
SPY,10197,2022-11-17
SPY,10193,2022-11-18
SPY,10193,2022-11-19
SPY,10193,2022-11-20
SPY,10190,2022-11-21
SPY,10191,2022-11-22
SPY,10177,2022-11-23
SPY,10177,2022-11-24
SPY,10179,2022-11-25
SPY,10179,2022-11-26
SPY,10179,2022-11-27
SPY,10179,2022-11-28
SPY,10173,2022-11-29
SPY,10167,2022-11-30
SPY,10161,2022-12-01
SPY,10151,2022-12-02
SPY,10151,2022-12-03
SPY,10151,2022-12-04
SPY,10148,2022-12-05
SPY,10149,2022-12-06
SPY,10147,2022-12-07
SPY,10141,2022-12-08
SPY,10135,2022-12-09
SPY,10135,2022-12-10
SPY,10135,2022-12-11
SPY,10120,2022-12-12
SPY,10116,2022-12-13
SPY,10116,2022-12-14
SPY,10096,2022-12-15
SPY,10073,2022-12-16
SPY,10073,2022-12-17
SPY,10073,2022-12-18
SPY,10050,2022-12-19
SPY,10048,2022-12-20
SPY,10038,2022-12-21
SPY,10015,2022-12-22
SPY,10000,2022-12-23
SPY,10000,2022-12-24
SPY,10000,2022-12-25
SPY,10000,2022-12-26
SPY,9982,2022-12-27
SPY,9966,2022-12-28
SPY,9962,2022-12-29
SPY,9947,2022-12-30
SPY,9947,2022-12-31
SPY,9947,2023-01-01
SPY,9947,2023-01-02
SPY,9933,2023-01-03
SPY,9927,2023-01-04
SPY,9922,2023-01-05
SPY,9920,2023-01-06
SPY,9920,2023-01-07
SPY,9920,2023-01-08
SPY,9915,2023-01-09
SPY,9912,2023-01-10
SPY,9917,2023-01-11
SPY,9914,2023-01-12
SPY,9907,2023-01-13
SPY,9907,2023-01-14
SPY,9907,2023-01-15
SPY,9907,2023-01-16
SPY,9887,2023-01-17
SPY,9886,2023-01-18
SPY,9891,2023-01-19
SPY,9892,2023-01-20
SPY,9892,2023-01-21
SPY,9892,2023-01-22
SPY,9890,2023-01-23
SPY,9889,2023-01-24
SPY,9885,2023-01-25
SPY,9889,2023-01-26
SPY,9886,2023-01-27
SPY,9886,2023-01-28
SPY,9886,2023-01-29
SPY,9882,2023-01-30
SPY,9880,2023-01-31
SPY,9877,2023-02-01
SPY,9876,2023-02-02
SPY,9867,2023-02-03
SPY,9867,2023-02-04
SPY,9867,2023-02-05
SPY,9864,2023-02-06
SPY,9866,2023-02-07
SPY,9867,2023-02-08
SPY,9866,2023-02-09
SPY,9868,2023-02-10
SPY,9868,2023-02-11
SPY,9868,2023-02-12
SPY,9862,2023-02-13
SPY,9861,2023-02-14
SPY,9855,2023-02-15
SPY,9846,2023-02-16
SPY,9843,2023-02-17
SPY,9843,2023-02-18
SPY,9843,2023-02-19
SPY,9843,2023-02-20
SPY,9838,2023-02-21
SPY,9835,2023-02-22
SPY,9832,2023-02-23
SPY,9832,2023-02-24
SPY,9832,2023-02-25
SPY,9832,2023-02-26
SPY,9822,2023-02-27
SPY,9822,2023-02-28
SPY,9820,2023-03-01
SPY,9817,2023-03-02
SPY,9815,2023-03-03
SPY,9815,2023-03-04
SPY,9815,2023-03-05
SPY,9808,2023-03-06
SPY,9803,2023-03-07
SPY,9796,2023-03-08
SPY,9798,2023-03-09
SPY,9793,2023-03-10
SPY,9793,2023-03-11
SPY,9793,2023-03-12
SPY,9771,2023-03-13
SPY,9774,2023-03-14
SPY,9770,2023-03-15
SPY,9763,2023-03-16
SPY,9762,2023-03-17
SPY,9762,2023-03-18
SPY,9762,2023-03-19
SPY,9758,2023-03-20
SPY,9757,2023-03-21
SPY,9761,2023-03-22
SPY,9760,2023-03-23
SPY,9757,2023-03-24
SPY,9757,2023-03-25
SPY,9757,2023-03-26
SPY,9744,2023-03-27
SPY,9738,2023-03-28
SPY,9739,2023-03-29
SPY,9744,2023-03-30
SPY,9725,2023-03-31
SPY,9725,2023-04-01
SPY,9725,2023-04-02
SPY,9725,2023-04-03
SPY,9724,2023-04-04
SPY,9722,2023-04-05
SPY,9719,2023-04-06
SPY,9719,2023-04-07
SPY,9719,2023-04-08
SPY,9719,2023-04-09
SPY,9716,2023-04-10
SPY,9713,2023-04-11
SPY,9710,2023-04-12
SPY,9708,2023-04-13
SPY,9705,2023-04-14
SPY,9705,2023-04-15
SPY,9705,2023-04-16
SPY,9697,2023-04-17
SPY,9699,2023-04-18
SPY,9696,2023-04-19
SPY,9699,2023-04-20
SPY,9698,2023-04-21
SPY,9698,2023-04-22
SPY,9698,2023-04-23
SPY,9695,2023-04-24
SPY,9687,2023-04-25
SPY,9685,2023-04-26
SPY,9680,2023-04-27
SPY,9677,2023-04-28
SPY,9677,2023-04-29
SPY,9677,2023-04-30
SPY,9668,2023-05-01
SPY,9667,2023-05-02
SPY,9660,2023-05-03
SPY,9661,2023-05-04
SPY,9657,2023-05-05
SPY,9657,2023-05-06
SPY,9657,2023-05-07
SPY,9657,2023-05-08
SPY,9655,2023-05-09
SPY,9654,2023-05-10
SPY,9658,2023-05-11
SPY,9657,2023-05-12
SPY,9657,2023-05-13
SPY,9657,2023-05-14
SPY,9653,2023-05-15
SPY,9654,2023-05-16
SPY,9655,2023-05-17
SPY,9654,2023-05-18
SPY,9653,2023-05-19
SPY,9653,2023-05-20
SPY,9653,2023-05-21
SPY,9655,2023-05-22
SPY,9657,2023-05-23
SPY,9652,2023-05-24
SPY,9655,2023-05-25
SPY,9654,2023-05-26
SPY,9654,2023-05-27
SPY,9654,2023-05-28
SPY,9654,2023-05-29
SPY,9644,2023-05-30
SPY,9643,2023-05-31
SPY,9637,2023-06-01
SPY,9632,2023-06-02
SPY,9632,2023-06-03
SPY,9632,2023-06-04
SPY,9627,2023-06-05
SPY,9623,2023-06-06
SPY,9623,2023-06-07
SPY,9622,2023-06-08
SPY,9595,2023-06-09
SPY,9595,2023-06-10
SPY,9595,2023-06-11
SPY,9595,2023-06-12
SPY,9594,2023-06-13
SPY,9597,2023-06-14
SPY,9593,2023-06-15
SPY,9584,2023-06-16
SPY,9584,2023-06-17
SPY,9584,2023-06-18
SPY,9584,2023-06-19
SPY,9569,2023-06-20
SPY,9567,2023-06-21
SPY,9568,2023-06-22
SPY,9567,2023-06-23
SPY,9567,2023-06-24
SPY,9567,2023-06-25
SPY,9549,2023-06-26
SPY,9552,2023-06-27
SPY,9560,2023-06-28
SPY,9565,2023-06-29
SPY,9569,2023-06-30
SPY,9569,2023-07-01
SPY,9569,2023-07-02
SPY,9563,2023-07-03
SPY,9563,2023-07-04
SPY,9560,2023-07-05
SPY,9557,2023-07-06
SPY,9553,2023-07-07
SPY,9553,2023-07-08
SPY,9553,2023-07-09
SPY,9545,2023-07-10
SPY,9544,2023-07-11
SPY,9540,2023-07-12
SPY,9542,2023-07-13
SPY,9539,2023-07-14
SPY,9539,2023-07-15
SPY,9539,2023-07-16
SPY,9537,2023-07-17
SPY,9537,2023-07-18
SPY,9536,2023-07-19
SPY,9534,2023-07-20
SPY,9530,2023-07-21
SPY,9530,2023-07-22
SPY,9530,2023-07-23
SPY,9523,2023-07-24
SPY,9521,2023-07-25
SPY,9518,2023-07-26
SPY,9518,2023-07-27
SPY,9514,2023-07-28
SPY,9514,2023-07-29
SPY,9514,2023-07-30
SPY,9513,2023-07-31
SPY,9518,2023-08-01
SPY,9512,2023-08-02
SPY,9513,2023-08-03
SPY,9510,2023-08-04
SPY,9510,2023-08-05
SPY,9510,2023-08-06
SPY,9505,2023-08-07
SPY,9506,2023-08-08
SPY,9507,2023-08-09
SPY,9508,2023-08-10
SPY,9503,2023-08-11
SPY,9503,2023-08-12
SPY,9503,2023-08-13
SPY,9496,2023-08-14
SPY,9496,2023-08-15
SPY,9492,2023-08-16
SPY,9497,2023-08-17
SPY,9495,2023-08-18
SPY,9495,2023-08-19
SPY,9495,2023-08-20
SPY,9503,2023-08-21
SPY,9509,2023-08-22
SPY,9511,2023-08-23
SPY,9502,2023-08-24
SPY,9499,2023-08-25
SPY,9499,2023-08-26
SPY,9499,2023-08-27
SPY,9490,2023-08-28
SPY,9488,2023-08-29
SPY,9490,2023-08-30
SPY,9488,2023-08-31
SPY,9480,2023-09-01
SPY,9480,2023-09-02
SPY,9480,2023-09-03
SPY,9480,2023-09-04
SPY,9477,2023-09-05
SPY,9476,2023-09-06
SPY,9473,2023-09-07
SPY,9472,2023-09-08
SPY,9472,2023-09-09
SPY,9472,2023-09-10
SPY,9470,2023-09-11
SPY,9473,2023-09-12
SPY,9472,2023-09-13
SPY,9475,2023-09-14
SPY,9482,2023-09-15
SPY,9482,2023-09-16
SPY,9482,2023-09-17
SPY,9486,2023-09-18
SPY,9492,2023-09-19
SPY,9499,2023-09-20
SPY,9504,2023-09-21
SPY,9505,2023-09-22
SPY,9505,2023-09-23
SPY,9505,2023-09-24
SPY,9497,2023-09-25
SPY,9490,2023-09-26
SPY,9496,2023-09-27
SPY,9502,2023-09-28
SPY,9502,2023-09-29
SPY,9502,2023-09-30
SPY,9502,2023-10-01
SPY,9512,2023-10-02
SPY,9513,2023-10-03
SPY,9513,2023-10-04
SPY,9513,2023-10-05
SPY,9515,2023-10-06
SPY,9515,2023-10-07
SPY,9515,2023-10-08
SPY,9511,2023-10-09
SPY,9508,2023-10-10
SPY,9512,2023-10-11
SPY,9507,2023-10-12
SPY,9504,2023-10-13
SPY,9504,2023-10-14
SPY,9504,2023-10-15
SPY,9493,2023-10-16
SPY,9488,2023-10-17
SPY,9484,2023-10-18
SPY,9494,2023-10-19
SPY,9489,2023-10-20
SPY,9489,2023-10-21
SPY,9489,2023-10-22
SPY,9482,2023-10-23
SPY,9477,2023-10-24
SPY,9472,2023-10-25
SPY,9474,2023-10-26
SPY,9478,2023-10-27
SPY,9478,2023-10-28
SPY,9478,2023-10-29
SPY,9470,2023-10-30
SPY,9468,2023-10-31
SPY,9468,2023-11-01
SPY,9472,2023-11-02
SPY,9471,2023-11-03
SPY,9471,2023-11-04
SPY,9471,2023-11-05
SPY,9466,2023-11-06
SPY,9464,2023-11-07
SPY,9461,2023-11-08
SPY,9463,2023-11-09
SPY,9459,2023-11-10
SPY,9459,2023-11-11
SPY,9459,2023-11-12
SPY,9453,2023-11-13
SPY,9456,2023-11-14
SPY,9456,2023-11-15
SPY,9452,2023-11-16
SPY,9445,2023-11-17
SPY,9445,2023-11-18
SPY,9445,2023-11-19
SPY,9449,2023-11-20
SPY,9446,2023-11-21
SPY,9447,2023-11-22
SPY,9447,2023-11-23
SPY,9445,2023-11-24
SPY,9445,2023-11-25
SPY,9445,2023-11-26
SPY,9446,2023-11-27
SPY,15144,2023-11-28
SPY,15144,2023-11-29
SPY,15144,2023-11-30
SPY,15144,2023-12-01
SPY,15144,2023-12-02
SPY,15144,2023-12-03
SPY,15144,2023-12-04
SPY,15144,2023-12-05
SPY,15144,2023-12-06
SPY,15144,2023-12-07
SPY,15144,2023-12-08
SPY,15144,2023-12-09
SPY,15144,2023-12-10
SPY,15144,2023-12-11
SPY,15144,2023-12-12
SPY,15144,2023-12-13
SPY,15144,2023-12-14
SPY,15144,2023-12-15
SPY,15144,2023-12-16
SPY,15144,2023-12-17
SPY,15144,2023-12-18
SPY,15144,2023-12-19
SPY,15144,2023-12-20
SPY,15144,2023-12-21
SPY,15144,2023-12-22
SPY,15144,2023-12-23
SPY,15144,2023-12-24
SPY,15144,2023-12-25
SPY,15144,2023-12-26
SPY,15144,2023-12-27
SPY,15144,2023-12-28
SPY,15144,2023-12-29
SPY,15144,2023-12-30
SPY,15144,2023-12-31
SPY,15144,2024-01-01
SPY,15144,2024-01-02
SPY,15144,2024-01-03
SPY,15144,2024-01-04
SPY,15144,2024-01-05
SPY,15144,2024-01-06
SPY,15144,2024-01-07
SPY,15144,2024-01-08
SPY,15144,2024-01-09
SPY,15144,2024-01-10
SPY,15144,2024-01-11
SPY,15144,2024-01-12
SPY,15144,2024-01-13
SPY,15144,2024-01-14
SPY,15144,2024-01-15
SPY,15144,2024-01-16
SPY,15144,2024-01-17
SPY,15144,2024-01-18
SPY,15144,2024-01-19
SPY,15144,2024-01-20
SPY,15144,2024-01-21
SPY,15144,2024-01-22
SPY,15144,2024-01-23
SPY,15144,2024-01-24
SPY,15144,2024-01-25
SPY,15144,2024-01-26
SPY,15144,2024-01-27
SPY,15144,2024-01-28
SPY,15144,2024-01-29
SPY,15144,2024-01-30
SPY,15144,2024-01-31
SPY,15144,2024-02-01
SPY,15144,2024-02-02
SPY,15144,2024-02-03
SPY,15144,2024-02-04
SPY,15144,2024-02-05
SPY,15144,2024-02-06
SPY,15144,2024-02-07
SPY,15144,2024-02-08
SPY,15144,2024-02-09
SPY,15144,2024-02-10
SPY,15144,2024-02-11
SPY,15144,2024-02-12
SPY,15144,2024-02-13
SPY,15144,2024-02-14
SPY,15144,2024-02-15
SPY,15144,2024-02-16
SPY,15144,2024-02-17
SPY,15144,2024-02-18
SPY,15144,2024-02-19
SPY,15144,2024-02-20
SPY,15144,2024-02-21
SPY,15144,2024-02-22
SPY,15144,2024-02-23
SPY,15144,2024-02-24
SPY,15144,2024-02-25
SPY,15144,2024-02-26
SPY,15144,2024-02-27
SPY,15144,2024-02-28
SPY,15144,2024-02-29
SPY,15144,2024-03-01
SPY,15144,2024-03-02
SPY,15144,2024-03-03
SPY,15144,2024-03-04
SPY,15144,2024-03-05
SPY,15144,2024-03-06
SPY,15144,2024-03-07
SPY,15144,2024-03-08
SPY,15144,2024-03-09
SPY,15144,2024-03-10
SPY,15144,2024-03-11
SPY,15144,2024-03-12
SPY,15144,2024-03-13
SPY,15144,2024-03-14
SPY,15144,2024-03-15
SPY,15144,2024-03-16
SPY,15144,2024-03-17
SPY,15144,2024-03-18
SPY,15144,2024-03-19
SPY,15144,2024-03-20
SPY,15144,2024-03-21
SPY,15144,2024-03-22
SPY,15144,2024-03-23
SPY,15144,2024-03-24
SPY,15144,2024-03-25
SPY,15144,2024-03-26
SPY,15144,2024-03-27
SPY,15144,2024-03-28
SPY,15144,2024-03-29
SPY,15144,2024-03-30
SPY,15144,2024-03-31
SPY,15144,2024-04-01
SPY,15144,2024-04-02
SPY,15144,2024-04-03
SPY,15144,2024-04-04
SPY,15144,2024-04-05
SPY,15144,2024-04-06
SPY,15144,2024-04-07
SPY,15144,2024-04-08
SPY,15144,2024-04-09
SPY,15144,2024-04-10
SPY,15144,2024-04-11
SPY,15144,2024-04-12
SPY,15144,2024-04-13
SPY,15144,2024-04-14
SPY,15144,2024-04-15
SPY,15144,2024-04-16
SPY,15144,2024-04-17
SPY,15144,2024-04-18
SPY,15144,2024-04-19
SPY,15144,2024-04-20
SPY,15144,2024-04-21
SPY,15144,2024-04-22
SPY,15144,2024-04-23
SPY,15144,2024-04-24
SPY,15144,2024-04-25
SPY,15144,2024-04-26
SPY,15144,2024-04-27
SPY,15144,2024-04-28
SPY,15144,2024-04-29
SPY,15144,2024-04-30
SPY,15144,2024-05-01
SPY,15144,2024-05-02
SPY,15144,2024-05-03
SPY,15144,2024-05-04
SPY,15144,2024-05-05
SPY,15144,2024-05-06
SPY,15144,2024-05-07
SPY,15144,2024-05-08
SPY,15144,2024-05-09
SPY,15144,2024-05-10
SPY,15144,2024-05-11
SPY,15144,2024-05-12
SPY,15144,2024-05-13
SPY,15144,2024-05-14
SPY,15144,2024-05-15
SPY,15144,2024-05-16
SPY,15144,2024-05-17
SPY,15144,2024-05-18
SPY,15144,2024-05-19
SPY,15144,2024-05-20
SPY,15144,2024-05-21
SPY,15144,2024-05-22
SPY,15144,2024-05-23
SPY,15144,2024-05-24
SPY,15144,2024-05-25
SPY,15144,2024-05-26
SPY,15144,2024-05-27
SPY,15144,2024-05-28
SPY,15144,2024-05-29
SPY,15144,2024-05-30
SPY,15144,2024-05-31
SPY,15144,2024-06-01
SPY,15144,2024-06-02
SPY,15144,2024-06-03
SPY,15144,2024-06-04
SPY,15144,2024-06-05
SPY,15144,2024-06-06
SPY,15144,2024-06-07
SPY,15144,2024-06-08
SPY,15144,2024-06-09
SPY,15144,2024-06-10
SPY,15144,2024-06-11
SPY,15144,2024-06-12
SPY,15144,2024-06-13
SPY,15144,2024-06-14
SPY,15144,2024-06-15
SPY,15144,2024-06-16
SPY,15144,2024-06-17
SPY,15144,2024-06-18
SPY,15144,2024-06-19
SPY,15144,2024-06-20
SPY,15144,2024-06-21
SPY,15144,2024-06-22
SPY,15144,2024-06-23
SPY,15144,2024-06-24
SPY,15144,2024-06-25
SPY,15144,2024-06-26
SPY,15144,2024-06-27
SPY,15144,2024-06-28
