Unnamed: 0,code,date,preclose,open,high,low,close,tradestatus,volume,amount,class,ret,preopen,reto,close_f1,close_f2,close_f3,close_f4,close_f5,close_f10,ret_f1,ret_cf2,ret_cf3,ret_cf4,ret_cf5,ret_cf10,reto_f1,close_f20,close_f60,ret_cf20,ret_cf60,5_day_MA,20_day_MA,60_day_MA
1845227,000006.SZ,20100105,122.58,122.58,123.24,117.51,119.05,交易,131299.46,142031.4223,0,-2.879751998694731,124.9,-1.8574859887910389,119.38,118.39,121.26,118.06,123.24,123.13,0.2771944561108763,-0.5543889122217527,1.856362872742552,-0.831583368332629,3.51952960940781,3.427131457370851,-2.9694893131016484,112.11,130.08,-5.829483410331791,9.26501469970602,,,
10082548,000006.SZ,20100106,119.05,118.94,121.7,118.17,119.38,交易,138360.3,150037.7323,0,0.2771944561108763,122.58,-2.9694893131016484,118.39,121.26,118.06,123.24,119.27,117.84,-0.8292846372926745,1.5748031496063073,-1.1057128497235662,3.2333724241916566,-0.0921427374769638,-1.2899983246774938,0.5633092315453184,114.09,130.3,-4.431228011392187,9.147260847713198,,,
6881209,000006.SZ,20100107,119.38,119.61,120.82,116.85,118.39,交易,102246.2,110237.2296,0,-0.8292846372926745,118.94,0.5633092315453184,121.26,118.06,123.24,119.27,119.94,119.94,2.4241912323676025,-0.2787397584255413,4.09662978292085,0.7433060224681101,1.3092321986654254,1.3092321986654254,-1.3878438257670735,115.09,129.86,-2.7873975842554244,9.688318270124178,,,
3739338,000006.SZ,20100108,118.39,117.95,121.26,117.4,121.26,交易,89757.37,97512.1269,0,2.4241912323676025,119.61,-1.3878438257670735,118.06,123.24,119.27,119.94,122.25,115.31,-2.6389576117433635,1.6328550222661964,-1.6411017648029105,-1.0885700148441426,0.8164275111330982,-4.906811809335315,4.484951250529878,110.68,124.46,-8.725053603826487,2.638957611743352,,,
6591659,000006.SZ,20100111,121.26,123.24,123.24,117.62,118.06,交易,90467.25,97820.3591,0,-2.6389576117433635,117.95,4.484951250529878,123.24,119.27,119.94,122.25,123.9,113.21,4.387599525664911,1.0249025919024173,1.5924106386583057,3.549042859562932,4.9466373030662405,-4.108080636964263,-2.766958779617005,110.12,126.0,-6.725393867524986,6.725393867524986,119.228,,
6967823,000006.SZ,20100112,118.06,119.83,123.24,118.83,123.24,交易,269058.46,296197.2411,0,4.387599525664911,123.24,-2.766958779617005,119.27,119.94,122.25,123.9,123.13,108.58,-3.22135670236936,-2.6777020447906503,-0.8033106134371916,0.5355404089581393,-0.0892567348263546,-11.895488477766955,0.4589835600433924,109.35,126.55,-11.270691333982471,2.685816293411232,120.066,,
4091143,000006.SZ,20100113,123.24,120.38,121.81,119.05,119.27,交易,131979.86,143953.7178,0,-3.22135670236936,119.83,0.4589835600433924,119.94,122.25,123.9,123.13,117.84,109.24,0.5617506497862008,2.498532740840114,3.881948520164341,3.2363544898130288,-1.1989603420809865,-8.409491070679971,-0.1827546104003978,110.9,124.57,-7.01769095329923,4.443699169950531,120.044,,
634002,000006.SZ,20100114,119.27,120.16,120.49,117.62,119.94,交易,151667.31,163880.0598,0,0.5617506497862008,120.38,-0.1827546104003978,122.25,123.9,123.13,117.84,119.94,110.35,1.9259629814907475,3.3016508254127133,2.6596631649157896,-1.750875437718855,0.0,-7.995664498916128,0.4577230359520615,111.67,124.57,-6.8951142237785525,3.8602634650658634,120.354,,
6883080,000006.SZ,20100115,119.94,120.71,124.24,120.38,122.25,交易,163025.05,181116.2273,0,1.9259629814907475,120.16,0.4577230359520615,123.9,123.13,117.84,119.94,115.31,109.79,1.349693251533747,0.7198364008179922,-3.607361963190181,-1.8895705521472408,-5.67689161554192,-10.1922290388548,0.6378924695551407,111.78,112.44,-8.56441717791411,-8.024539877300615,120.552,,
2328818,000006.SZ,20100118,122.25,121.48,124.35,120.82,123.9,交易,119338.46,133363.6698,0,1.349693251533747,120.71,0.6378924695551407,123.13,117.84,119.94,115.31,113.21,113.32,-0.6214689265536806,-4.891041162227604,-3.196125907990321,-6.933010492332529,-8.627925746569824,-8.539144471347871,2.634178465591046,110.01,111.67,-11.210653753026634,-9.870863599677165,121.72,,
9029875,000006.SZ,20100119,123.9,124.68,125.01,122.25,123.13,交易,100400.2,112472.0119,0,-0.6214689265536806,121.48,2.634178465591046,117.84,119.94,115.31,113.21,108.58,112.11,-4.296272232599685,-2.5907577357264664,-6.351011126451712,-8.056525623324942,-11.816779014050187,-8.94989035978234,-0.5373756817452692,109.35,113.98,-11.19142369853001,-7.431170307804752,121.698,,
9393970,000006.SZ,20100120,123.13,124.01,124.24,117.51,117.84,交易,155251.77,169007.9288,0,-4.296272232599685,124.68,-0.5373756817452692,119.94,115.31,113.21,108.58,109.24,114.09,1.7820773930753515,-2.146978954514597,-3.929056347589961,-7.858112695179908,-7.298031228784801,-3.1822810590631363,-3.999677445367315,111.45,110.35,-5.422606924643584,-6.356076035302112,121.412,,
1565142,000006.SZ,20100121,117.84,119.05,121.15,117.51,119.94,交易,73027.95,78930.589,0,1.7820773930753515,124.01,-3.999677445367315,115.31,113.21,108.58,109.24,110.35,115.09,-3.860263465065864,-5.611138902784729,-9.471402367850592,-8.92112723028181,-7.995664498916128,-4.043688510922123,-1.1087778244435054,111.45,110.24,-7.078539269634814,-8.087377021844258,121.412,,
9336132,000006.SZ,20100122,119.94,117.73,119.61,112.55,115.31,交易,109124.74,115029.7459,0,-3.860263465065864,119.05,-1.1087778244435054,113.21,108.58,109.24,110.35,109.79,110.68,-1.821177694909382,-5.836440898447667,-5.264070765761865,-4.301448269881196,-4.7870956551903525,-4.015263203538284,-2.242419094538351,114.42,106.82,-0.7718324516520688,-7.36276125227648,120.024,,
10741484,000006.SZ,20100125,115.31,115.09,115.53,113.1,113.21,交易,52419.48,54267.1405,0,-1.821177694909382,117.73,-2.242419094538351,108.58,109.24,110.35,109.79,113.32,110.12,-4.089744722197682,-3.506757353590672,-2.526278597297058,-3.02093454641815,0.0971645614345017,-2.729440862114645,-1.3467720914067227,114.53,107.04,1.1659747372140337,-5.450048582280706,117.886,,
5499293,000006.SZ,20100126,113.21,113.54,113.98,107.59,108.58,交易,67568.14,67544.3918,0,-4.089744722197682,115.09,-1.3467720914067227,109.24,110.35,109.79,113.32,112.11,109.35,0.60784674894087,1.6301344630687014,1.114385706391608,4.36544483330263,3.2510591269110343,0.709154540431015,-3.8840937114673335,115.97,107.15,6.806041628292503,-1.317001289371885,114.976,,
9779097,000006.SZ,20100127,108.58,109.13,111.12,107.48,109.24,交易,55267.38,54948.0764,0,0.60784674894087,113.54,-3.8840937114673335,110.35,109.79,113.32,112.11,114.09,110.9,1.0161113145367993,0.5034785792750013,3.734895642621749,2.6272427682167745,4.439765653606745,1.5195898938118004,0.5039860716576664,116.3,106.38,6.462834126693521,-2.618088612229952,113.256,,
7840808,000006.SZ,20100128,109.24,109.68,111.01,108.36,110.35,交易,53230.7,53018.7977,0,1.0161113145367993,109.13,0.5039860716576664,109.79,113.32,112.11,114.09,115.09,111.67,-0.5074762120525492,2.691436338921612,1.5949252378794792,3.3892161304938915,4.2954236520163205,1.1961939284096126,0.0,114.64,104.94,3.887630267331225,-4.902582691436336,111.338,,
8400516,000006.SZ,20100129,110.35,109.68,112.11,108.58,109.79,交易,56173.54,56362.0954,0,-0.5074762120525492,109.68,0.0,113.32,112.11,114.09,115.09,110.68,111.78,3.215229073686116,2.113125056926854,3.916567993442023,4.827397759358774,0.8106384916659081,1.812551234174328,0.3008752735229743,114.53,97.23,4.317333090445391,-11.440021859914385,110.234,,
2479784,000006.SZ,20100201,109.79,110.01,114.64,107.59,113.32,交易,104481.05,104824.548,0,3.215229073686116,109.68,0.3008752735229743,112.11,114.09,115.09,110.68,110.12,110.01,-1.0677726791387168,0.6794917049064687,1.5619484645252475,-2.329685845393564,-2.823861630780082,-2.920931874338147,3.408781019907281,116.08,98.99,2.4355806565478337,-12.645605365337095,110.256,117.2725,
8567779,000006.SZ,20100202,113.32,113.76,114.98,111.89,112.11,交易,87133.45,90064.545,0,-1.0677726791387168,110.01,3.408781019907281,114.09,115.09,110.68,110.12,109.35,109.35,1.7661225582017697,2.658103648202662,-1.275532958701269,-1.7750423691017705,-2.4618678084024666,-2.4618678084024666,-1.0636427566807385,121.7,92.93,8.554098653108557,-17.108197306217104,110.962,116.9255,
7594893,000006.SZ,20100203,112.11,112.55,114.64,108.14,114.09,交易,67421.93,68649.4196,0,1.7661225582017697,113.76,-1.0636427566807385,115.09,110.68,110.12,109.35,110.9,111.45,0.8765010079761592,-2.9888684371986995,-3.4797090016653507,-4.154614777807002,-2.7960382154439456,-2.3139626610570607,0.6841403820524177,119.83,95.46,5.031115785783149,-16.329213778595854,111.932,116.66100000000002,
2545904,000006.SZ,20100204,114.09,113.32,119.05,112.11,115.09,交易,131975.38,138631.8769,0,0.8765010079761592,112.55,0.6841403820524177,110.68,110.12,109.35,110.9,111.67,111.45,-3.831783821357196,-4.318359544704143,-4.987401164306203,-3.640629072899468,-2.971587453297421,-3.1627422017551488,-0.3882809742322606,121.7,98.44,5.743331305934486,-14.46693891736902,112.88,116.49599999999998,
1756708,000006.SZ,20100205,115.09,112.88,113.1,109.68,110.68,交易,75387.97,76036.3019,0,-3.831783821357196,113.32,-0.3882809742322606,110.12,109.35,110.9,111.67,111.78,114.42,-0.5059631369714512,-1.201662450307203,0.1987712323816397,0.8944705457173787,0.9938561619081986,3.379110950487888,-0.9744861800141692,122.25,96.68,10.453559812070829,-12.64907842428623,113.058,115.967,
7989443,000006.SZ,20100208,110.68,111.78,111.78,109.57,110.12,交易,38463.87,38474.1355,0,-0.5059631369714512,112.88,-0.9744861800141692,109.35,110.9,111.67,111.78,110.01,114.53,-0.6992371957864241,0.7083181983290965,1.4075553941155077,1.507446422084995,-0.0998910279694873,4.004722121322191,-1.4850599391662165,124.01,98.0,12.613512531783508,-11.006175081729026,112.418,115.57,
2130604,000006.SZ,20100209,110.12,110.12,110.79,108.8,109.35,交易,45784.57,45542.4809,0,-0.6992371957864241,111.78,-1.4850599391662165,110.9,111.67,111.78,110.01,109.35,115.97,1.4174668495656255,2.121627800640153,2.2222222222222285,0.6035665294924654,0.0,6.053955189757663,0.1089720305121597,122.36,96.49,11.89757658893462,-11.76040237768633,111.866,114.8755,
4492859,000006.SZ,20100210,109.35,110.24,110.9,109.13,110.9,交易,38559.31,38528.9741,0,1.4174668495656255,110.12,0.1089720305121597,111.67,111.78,110.01,109.35,111.45,116.3,0.6943192064923318,0.793507664562665,-0.8025247971145181,-1.3976555455365296,0.4959422903516656,4.869251577998188,0.7982583454281655,127.87,93.98,15.302073940486924,-15.256988277727684,111.228,114.457,
11294976,000006.SZ,20100211,110.9,111.12,112.11,110.57,111.67,交易,53561.15,54190.4073,0,0.6943192064923318,110.24,0.7982583454281655,111.78,110.01,109.35,111.45,111.45,114.64,0.0985045222530665,-1.4865227903644636,-2.077549923882876,-0.1970090445061331,-0.1970090445061331,2.65962210083281,0.989920806335488,130.74,84.76,17.077102176054453,-24.097788125727583,110.544,114.0435,
4929957,000006.SZ,20100212,111.67,112.22,112.33,111.12,111.78,交易,41413.85,41972.283,0,0.0985045222530665,111.12,0.989920806335488,110.01,109.35,111.45,111.45,114.42,114.53,-1.5834675254965074,-2.173913043478267,-0.2952227589908734,-0.2952227589908734,2.361782071927,2.460189658257291,-0.3920869720192458,131.73,90.46,17.847557702630155,-19.0731794596529,110.764,113.51999999999998,
398713,000006.SZ,20100222,111.78,111.78,111.78,109.68,110.01,交易,46611.52,46628.3655,0,-1.5834675254965074,112.22,-0.3920869720192458,109.35,111.45,111.45,114.42,114.53,116.08,-0.5999454595036913,1.308971911644394,1.308971911644394,4.008726479410959,4.108717389328239,5.517680210889913,-1.6818751118267985,131.73,88.45,19.74365966730296,-19.59821834378693,110.742,112.8255,
6105728,000006.SZ,20100223,110.01,109.9,110.01,107.48,109.35,交易,39797.32,39191.2076,0,-0.5999454595036913,111.78,-1.6818751118267985,111.45,111.45,114.42,114.53,115.97,121.7,1.9204389574760024,1.9204389574760024,4.6364883401920505,4.737082761774127,6.053955189757663,11.294010059442169,-1.7015468607825337,128.86,86.94,17.84179240969366,-20.493827160493822,110.742,112.1365,
10649530,000006.SZ,20100224,109.35,108.03,111.56,108.03,111.45,交易,54574.92,54525.5319,0,1.9204389574760024,109.9,-1.7015468607825337,111.45,114.42,114.53,115.97,116.3,119.83,0.0,2.664872139973081,2.763571108120232,4.055630327501118,4.3517272319425695,7.5190668461193315,3.1657872813107484,129.86,90.46,16.51861821444595,-18.83355764917004,110.852,111.817,
5746889,000006.SZ,20100225,111.45,111.45,111.45,111.45,111.45,停牌,0.0,0.0,0,0.0,108.03,3.1657872813107484,114.42,114.53,115.97,116.3,114.64,121.7,2.664872139973081,2.763571108120232,4.055630327501118,4.3517272319425695,2.8622700762673823,9.196949304620906,2.763571108120232,129.09,96.32,15.82772543741588,-13.575594436967258,110.808,111.3925,
727956,000006.SZ,20100226,111.45,114.53,117.07,114.2,114.42,交易,194842.39,204052.2724,0,2.664872139973081,111.45,2.763571108120232,114.53,115.97,116.3,114.64,114.53,122.25,0.0961370389791989,1.3546582765250803,1.6430693934626774,0.1922740779583978,0.0961370389791989,6.84320922915574,-1.9208940888850108,131.18,93.48,14.647788848103485,-18.300996329313055,111.33599999999998,111.348,
4833773,000006.SZ,20100301,114.42,112.33,114.64,112.22,114.53,交易,98658.22,101525.0575,0,0.0961370389791989,114.53,-1.9208940888850108,115.97,116.3,114.64,114.53,116.08,124.01,1.2573124945429126,1.5454466078756623,0.0960447044442499,0.0,1.3533571989871624,8.277307255740858,1.9585150894685328,133.27,93.64,16.362525102593214,-18.23976250763992,112.24,111.414,
1893826,000006.SZ,20100302,114.53,114.53,116.85,113.1,115.97,交易,118934.42,124511.2481,0,1.2573124945429126,112.33,1.9585150894685328,116.3,114.64,114.53,116.08,121.7,122.36,0.2845563507803728,-1.146848322842113,-1.2417004397689038,0.0948521169267909,4.940932999913775,5.510045701474519,1.2573124945429126,132.5,93.98,14.253686298180565,-18.961800465637666,113.564,111.7835,
1002466,000006.SZ,20100303,115.97,115.97,116.3,113.65,116.3,交易,110922.62,115744.6412,0,0.2845563507803728,114.53,1.2573124945429126,114.64,114.53,116.08,121.7,119.83,127.87,-1.4273430782459129,-1.5219260533104009,-0.1891659501289758,4.643164230438526,3.0352536543422195,9.948409286328468,0.1897042338535818,131.95,92.81,13.456577815993114,-20.197764402407564,114.534,112.1365,
6405465,000006.SZ,20100304,116.3,116.19,121.26,114.09,114.64,交易,199893.6,214802.817,0,-1.4273430782459129,115.97,0.1897042338535818,114.53,116.08,121.7,119.83,121.7,130.74,-0.0959525471039771,1.256106071179342,6.158408932309841,4.527215631542217,6.158408932309841,14.043963712491284,-1.4286943798949967,135.04,91.47,17.794836008374034,-20.21109560362875,115.172,112.351,
1421983,000006.SZ,20100305,114.64,114.53,115.31,113.32,114.53,交易,65865.56,68409.1075,0,-0.0959525471039771,116.19,-1.4286943798949967,116.08,121.7,119.83,121.7,122.25,131.73,1.3533571989871624,6.260368462411597,4.627608486859336,6.260368462411597,6.740591984632847,15.01789924037369,0.777088972321663,134.93,88.45,17.811927006024625,-22.771326290055008,115.194,112.588,
10800898,000006.SZ,20100308,114.53,115.42,117.4,114.87,116.08,交易,74591.06,78656.0037,0,1.3533571989871624,114.53,0.777088972321663,121.7,119.83,121.7,122.25,124.01,131.73,4.84148862853205,3.23053066850448,4.84148862853205,5.315299793246039,6.8314955203308125,13.482081323225357,0.1906082134811981,132.72,91.3,14.334941419710544,-21.3473466574776,115.504,112.726,
7913307,000006.SZ,20100309,116.08,115.64,122.36,114.98,121.7,交易,274143.24,298836.0113,0,4.84148862853205,115.42,0.1906082134811981,119.83,121.7,122.25,124.01,122.36,128.86,-1.536565324568615,0.0,0.4519309778142951,1.8981101068200512,0.5423171733771541,5.883319638455227,4.859910065721207,130.08,90.46,6.885784716516031,-25.6696795398521,116.65,113.2055,
3190276,000006.SZ,20100310,121.7,121.26,121.37,118.5,119.83,交易,134132.98,145910.5177,0,-1.536565324568615,115.64,4.859910065721207,121.7,122.25,124.01,122.36,127.87,129.86,1.560544104147546,2.0195276641909388,3.4882750563298064,2.111324376199617,6.709505132270722,8.370191104064105,-1.1792841827478202,130.3,91.47,8.737377952098818,-23.666861386964868,117.356,113.4925,
10713454,000006.SZ,20100311,119.83,119.83,122.91,119.05,121.7,交易,169568.15,186751.1425,0,1.560544104147546,121.26,-1.1792841827478202,122.25,124.01,122.36,127.87,130.74,129.09,0.4519309778142951,1.8981101068200512,0.5423171733771541,5.069843878389484,7.428101889893186,6.072308956450288,1.6523408161562247,129.86,88.79,6.705012325390313,-27.041906327033686,118.768,113.823,
9066198,000006.SZ,20100312,121.7,121.81,126.0,120.6,122.25,交易,229918.29,256668.9786,0,0.4519309778142951,119.83,1.6523408161562247,124.01,122.36,127.87,130.74,131.73,131.18,1.439672801635996,0.089979550102249,4.597137014314932,6.944785276073628,7.754601226993857,7.304703476482623,0.993350299646986,124.46,88.62,1.807770961145189,-27.50920245398773,120.312,114.40149999999998,
5868480,000006.SZ,20100315,122.25,123.02,124.01,119.83,124.01,交易,146194.48,162190.6676,0,1.439672801635996,121.81,0.993350299646986,122.36,127.87,130.74,131.73,131.73,133.27,-1.3305378598500166,3.1126522054673003,5.426981695024598,6.225304410934589,6.225304410934589,7.467139746794617,0.894163550642179,126.0,92.81,1.6047092976372832,-25.15926134989114,121.898,115.096,
3957813,000006.SZ,20100316,124.01,124.12,126.55,120.71,122.36,交易,180311.52,203130.1485,0,-1.3305378598500166,123.02,0.894163550642179,127.87,130.74,131.73,131.73,128.86,132.5,4.503105590062115,6.84864334749919,7.657731284733566,7.657731284733566,5.312193527296514,8.287021902582543,2.7553980019336137,126.55,90.96,3.4243216737495894,-25.66198103955541,122.03,115.7465,
4703068,000006.SZ,20100317,122.36,127.54,129.64,125.67,127.87,交易,358581.74,414970.5922,0,4.503105590062115,124.12,2.7553980019336137,130.74,131.73,131.73,128.86,129.86,131.95,2.2444670368342883,3.0186908579025458,3.0186908579025458,0.7742238210682796,1.5562680847736052,3.1907405959177164,0.3449898071193333,124.57,91.3,-2.580746070227584,-28.59935872370377,123.638,116.595,
6809938,000006.SZ,20100318,127.87,127.98,132.72,127.87,130.74,交易,278404.36,329860.7445,0,2.2444670368342883,127.54,0.3449898071193333,131.73,131.73,128.86,129.86,129.09,135.04,0.7572280862780943,0.7572280862780943,-1.4379684870735776,-0.6730916322472047,-1.2620468104635196,3.2889704757533904,2.5003906860446965,124.57,91.8,-4.719290194278733,-29.78430472693897,125.446,117.5485,
5659697,000006.SZ,20100319,130.74,131.18,132.83,129.53,131.73,交易,167829.13,199688.7061,0,0.7572280862780943,127.98,2.5003906860446965,131.73,128.86,129.86,129.09,131.18,134.93,0.0,-2.178698853715916,-1.4195703332574026,-2.004099294010466,-0.4175206862521696,2.4292112654672566,0.3354169842963849,112.44,91.97,-14.643589159644725,-30.182949973430496,127.342,118.546,
9252653,000006.SZ,20100322,131.73,131.62,133.94,131.18,131.73,交易,129508.98,155296.6284,0,0.0,131.18,0.3354169842963849,128.86,129.86,129.09,131.18,133.27,132.72,-2.178698853715916,-1.4195703332574026,-2.004099294010466,-0.4175206862521696,1.1690579215061263,0.7515372352539355,0.0835739249354089,111.67,97.5,-15.228118120397776,-25.98496925529492,128.88600000000002,119.632,
1023066,000006.SZ,20100323,131.73,131.73,131.73,128.53,128.86,交易,153551.97,180121.9101,0,-2.178698853715916,131.62,0.0835739249354089,129.86,129.09,131.18,133.27,132.5,130.08,0.7760360080707744,0.1784882818562701,1.8004035387241912,3.4223187955921124,2.824771069377608,0.9467639298463438,-1.8370910195095933,113.98,97.16,-11.54741580009313,-24.60034145584356,130.186,120.6075,
10531560,000006.SZ,20100324,128.86,129.31,130.63,128.98,129.86,交易,109607.48,129207.4661,0,0.7760360080707744,131.73,-1.8370910195095933,129.09,131.18,133.27,132.5,131.95,130.3,-0.5929462498074928,1.0164792853842546,2.625904820576002,2.032958570768509,1.6094255351917257,0.3388264284614182,0.4253344675585889,110.35,97.16,-15.02387186200525,-25.180964115201,130.584,121.528,
10402663,000006.SZ,20100325,129.86,129.86,130.85,128.31,129.09,交易,86157.07,101250.5177,0,-0.5929462498074928,129.31,0.4253344675585889,131.18,133.27,132.5,131.95,135.04,129.86,1.619025486094975,3.23805097218995,2.6415678983654787,2.2155085599194244,4.609187388643573,0.5964830738244714,-0.2541198213460746,110.24,97.5,-14.602215508559926,-24.471299093655592,130.254,122.41,
6198814,000006.SZ,20100326,129.09,129.53,132.28,128.53,131.18,交易,100695.81,119450.0569,0,1.619025486094975,129.86,-0.2541198213460746,133.27,132.5,131.95,135.04,134.93,124.46,1.5932306754078391,1.0062509528891548,0.5869797225186627,2.942521725872835,2.8586674797987497,-5.12273212379937,1.2738361769474298,106.82,95.99,-18.569903948772687,-26.82573563043148,130.144,123.248,
5839788,000006.SZ,20100329,131.18,131.18,133.83,130.74,133.27,交易,151113.28,181457.4404,0,1.5932306754078391,129.53,1.2738361769474298,132.5,131.95,135.04,134.93,132.72,126.0,-0.5777744428603663,-0.9904704734749168,1.328130862159512,1.2455916560366147,-0.4126960306145504,-5.455091168304952,1.509376429333732,107.04,94.15,-19.68184887821716,-29.35394312298342,130.452,124.18500000000002,
3966371,000006.SZ,20100330,133.27,133.16,133.27,131.51,132.5,交易,91138.34,109318.6757,0,-0.5777744428603663,131.18,1.509376429333732,131.95,135.04,134.93,132.72,130.08,126.55,-0.4150943396226501,1.9169811320754653,1.8339622641509483,0.1660377358490557,-1.826415094339613,-4.490566037735851,-0.2478221688194533,107.15,88.45,-19.13207547169811,-33.24528301886792,131.18,125.0115,
4453850,000006.SZ,20100331,132.5,132.83,133.27,131.4,131.95,交易,74291.69,89180.2449,0,-0.4150943396226501,133.16,-0.2478221688194533,135.04,134.93,132.72,130.08,130.3,124.57,2.341796134899586,2.258431223948479,0.5835543766578327,-1.4172034861689855,-1.2504736642667509,-5.593027661993176,-0.5796883234209216,106.38,86.44,-19.378552482000757,-34.490337248957935,131.598,125.794,
8608184,000006.SZ,20100401,131.95,132.06,135.59,131.95,135.04,交易,131489.1,160448.5171,0,2.341796134899586,132.83,-0.5796883234209216,134.93,132.72,130.08,130.3,129.86,124.57,-0.081457345971553,-1.718009478672981,-3.6729857819905054,-3.51007109004738,-3.835900473933633,-7.753258293838863,2.9229138270483,104.94,85.77,-22.28969194312796,-36.485485781990526,132.788,126.814,
8306274,000006.SZ,20100402,135.04,135.92,138.46,134.6,134.93,交易,151932.19,187963.9164,0,-0.081457345971553,132.06,2.9229138270483,132.72,130.08,130.3,129.86,124.46,112.44,-1.6378863114207425,-3.59445638479211,-3.4314088786778294,-3.757503890906391,-7.759579040984224,-16.667901875046326,-0.4855797527957597,97.23,89.96,-27.94041354776551,-33.328392499814726,133.53799999999998,127.83400000000002,
7740775,000006.SZ,20100406,134.93,135.26,136.47,131.4,132.72,交易,158979.34,191891.5549,0,-1.6378863114207425,135.92,-0.4855797527957597,130.08,130.3,129.86,124.46,126.0,111.67,-1.989150090415903,-1.8233875828812445,-2.154912597950561,-6.223628691983126,-5.063291139240506,-15.860458107293548,-2.365813987875195,98.99,90.13,-25.41440626883665,-32.090114526823385,133.428,128.666,119.55483333333332
4546596,000006.SZ,20100407,132.72,132.06,132.17,128.31,130.08,交易,194172.78,228494.5898,0,-1.989150090415903,135.26,-2.365813987875195,130.3,129.86,124.46,126.0,126.55,113.98,0.1691266912669117,-0.1691266912669117,-4.320418204182055,-3.1365313653136626,-2.713714637146383,-12.376998769987706,-1.582613963349995,92.93,91.63,-28.55934809348093,-29.55873308733089,132.94400000000002,129.08499999999998,119.73866666666666
4313366,000006.SZ,20100408,130.08,129.97,130.74,128.98,130.3,交易,85390.56,100737.4485,0,0.1691266912669117,132.06,-1.582613963349995,129.86,124.46,126.0,126.55,124.57,110.35,-0.337682271680735,-4.481964696853429,-3.300076745970845,-2.877973906369926,-4.397544128933244,-15.310821181887963,0.4231745787489508,95.46,93.64,-26.73829623944744,-28.1350729086723,132.61399999999998,129.6085,119.92066666666666
8007653,000006.SZ,20100409,130.3,130.52,130.85,128.64,129.86,交易,146104.23,171486.026,0,-0.337682271680735,129.97,0.4231745787489508,124.46,126.0,126.55,124.57,124.57,110.24,-4.158324349299261,-2.9724318496842854,-2.548898814107513,-4.073617742183906,-4.073617742183906,-15.108578469120603,-0.5056696291756027,98.44,92.81,-24.195287232404137,-28.530725396580937,131.578,130.0165,120.11183333333334
3889381,000006.SZ,20100412,129.86,129.86,129.86,123.35,124.46,交易,186236.46,212551.5256,0,-4.158324349299261,130.52,-0.5056696291756027,126.0,126.55,124.57,124.57,112.44,106.82,1.237345331833526,1.679254378916924,0.0883818094166796,0.0883818094166796,-9.657721356259035,-14.173228346456694,-4.327737563529969,96.68,94.82,-22.32042423268519,-23.81488028282179,129.484,130.127,120.16516666666666
11162022,000006.SZ,20100413,124.46,124.24,126.22,123.02,126.0,交易,102992.29,116738.7422,0,1.237345331833526,129.86,-4.327737563529969,126.55,124.57,124.57,112.44,111.67,107.04,0.4365079365079342,-1.1349206349206404,-1.1349206349206404,-10.761904761904765,-11.373015873015872,-15.047619047619042,1.328074694140378,98.0,97.66,-22.22222222222222,-22.492063492063497,128.14,130.22650000000002,120.2975
6065868,000006.SZ,20100414,126.0,125.89,127.1,124.35,126.55,交易,65723.15,74984.1766,0,0.4365079365079342,124.24,1.328074694140378,124.57,124.57,112.44,111.67,113.98,107.15,-1.5645989727380514,-1.5645989727380514,-11.149743184512053,-11.758198340576843,-9.932832872382452,-15.329909126827332,0.2621336087060118,96.49,92.47,-23.75345713156855,-26.930067167127618,127.434,130.43599999999998,120.35266666666666
3272770,000006.SZ,20100415,126.55,126.22,126.22,123.57,124.57,交易,66376.13,74919.9801,0,-1.5645989727380514,125.89,0.2621336087060118,124.57,112.44,111.67,113.98,110.35,106.38,0.0,-9.737496989644374,-10.3556233443044,-8.501244280324308,-11.415268523721602,-14.602231676968772,-1.3072413246712136,93.98,93.81,-24.556474271493933,-24.692943726418875,126.288,130.27100000000002,120.441
409126,000006.SZ,20100416,124.57,124.57,124.57,124.57,124.57,停牌,0.0,0.0,0,0.0,126.22,-1.3072413246712136,112.44,111.67,113.98,110.35,110.24,104.94,-9.737496989644374,-10.3556233443044,-8.501244280324308,-11.415268523721602,-11.503572288673034,-15.758208236332983,-2.6571405635385634,84.76,92.47,-31.957935297423127,-25.768644135827245,125.23,129.9625,120.51816666666669
1737829,000006.SZ,20100419,124.57,121.26,121.92,112.44,112.44,交易,110660.7,118458.5788,0,-9.737496989644374,124.57,-2.6571405635385634,111.67,113.98,110.35,110.24,106.82,97.23,-0.6848096762717859,1.3696193525435845,-1.8587691213091453,-1.956599075062258,-4.998221273568129,-13.527214514407678,-6.910770245752935,90.46,93.81,-19.54820348630381,-16.56883671291355,122.826,128.998,120.35466666666666
9660985,000006.SZ,20100420,112.44,112.88,114.42,109.68,111.67,交易,73652.37,74300.8615,0,-0.6848096762717859,121.26,-6.910770245752935,113.98,110.35,110.24,106.82,107.04,98.99,2.0685949673144104,-1.1820542670368115,-1.280558789289878,-4.34315393570342,-4.146144891197274,-11.3548849288081,-2.338766832034019,88.45,97.5,-20.79340915196561,-12.689173457508732,119.96,127.995,120.15083333333334
3271175,000006.SZ,20100421,111.67,110.24,113.98,109.13,113.98,交易,112724.15,113872.6634,0,2.0685949673144104,112.88,-2.338766832034019,110.35,110.24,106.82,107.04,107.15,92.93,-3.184769257764529,-3.2812774170907257,-6.281803825232506,-6.0887875065801,-5.992279347253902,-18.46815230742235,2.49455732946299,86.94,107.21,-23.723460256185295,-5.939638533075987,117.446,127.251,119.99833333333336
4302387,000006.SZ,20100422,113.98,112.99,112.99,109.46,110.35,交易,101623.25,101954.8601,0,-3.184769257764529,110.24,2.49455732946299,110.24,106.82,107.04,107.15,106.38,95.46,-0.0996828273674666,-3.1989125509741743,-2.999546896239228,-2.8998640688717616,-3.597643860444041,-13.493429995468963,-2.1417824586246588,90.46,106.21,-18.024467603081103,-3.751699139102856,114.602,126.2755,119.8735
9303223,000006.SZ,20100423,110.35,110.57,111.89,109.24,110.24,交易,70670.99,70908.3736,0,-0.0996828273674666,112.99,-2.1417824586246588,106.82,107.04,107.15,106.38,104.94,98.44,-3.102322206095793,-2.902757619738741,-2.8029753265602224,-3.501451378809869,-4.807692307692306,-10.703918722786646,-0.2984534683910629,96.32,107.05,-12.626995645863571,-2.8936865021770664,111.73600000000002,125.333,119.71183333333332
5148750,000006.SZ,20100426,110.24,110.24,110.57,106.49,106.82,交易,76287.29,75020.6505,0,-3.102322206095793,110.57,-0.2984534683910629,107.04,107.15,106.38,104.94,97.23,96.68,0.2059539412095235,0.3089309118142787,-0.4119078824190205,-1.759970043063093,-8.977719528178234,-9.49260438120201,-3.601233671988388,93.48,114.75,-12.488298071522175,7.423703426324665,110.612,124.11499999999998,119.57033333333334
4787383,000006.SZ,20100427,106.82,106.27,107.48,104.39,107.04,交易,76116.71,73221.3173,0,0.2059539412095235,110.24,-3.601233671988388,107.15,106.38,104.94,97.23,98.99,98.0,0.1027653213751863,-0.6165919282511312,-1.9618834080717569,-9.164798206278029,-7.520553064275048,-8.445440956651725,0.1035099275430501,93.64,126.31,-12.5186846038864,18.002615844544092,109.686,122.8035,119.4675
7850550,000006.SZ,20100428,107.04,106.38,108.47,105.16,107.15,交易,43462.63,42166.6754,0,0.1027653213751863,106.27,0.1035099275430501,106.38,104.94,97.23,98.99,92.93,96.49,-0.7186187587494263,-2.06252916472236,-9.25804946336911,-7.615492300513309,-13.271115258982734,-9.948670088660766,1.5510434292160236,93.98,132.51,-12.291180587960804,23.667755482967788,108.32,121.536,119.44366666666666
4193269,000006.SZ,20100429,107.15,108.03,108.8,106.05,106.38,交易,51978.51,50755.4784,0,-0.7186187587494263,106.38,1.5510434292160236,104.94,97.23,98.99,92.93,95.46,93.98,-1.35363790186125,-8.601240834743365,-6.946794510246288,-12.64335401391238,-10.26508742244783,-11.656326377138551,-2.55484587614552,92.81,145.74,-12.75615717240082,36.99943598420757,107.526,120.2575,119.396
7098129,000006.SZ,20100430,106.38,105.27,106.38,103.62,104.94,交易,58536.89,55645.0228,0,-1.35363790186125,108.03,-2.55484587614552,97.23,98.99,92.93,95.46,98.44,84.76,-7.347055460263001,-5.669906613302842,-11.44463502954068,-9.033733562035453,-6.194015627977892,-19.23003621116828,-2.6123301985370952,91.47,150.1,-12.835906232132649,43.03411473222794,106.466,118.7525,119.30583333333333
6011056,000006.SZ,20100504,104.94,102.52,103.62,96.01,97.23,交易,98456.58,88689.6016,0,-7.347055460263001,105.27,-2.6123301985370952,98.99,92.93,95.46,98.44,96.68,90.46,1.810140903013464,-4.422503342589732,-1.8204257945078783,1.2444718708217564,-0.5656690321917074,-6.962871541705245,-5.9110417479516215,88.45,149.6,-9.030134732078578,53.86197675614521,104.548,116.8675,119.0965
3762164,000006.SZ,20100505,97.23,96.46,99.87,93.81,98.99,交易,92032.32,80593.4983,0,1.810140903013464,102.52,-5.9110417479516215,92.93,95.46,98.44,96.68,98.0,88.45,-6.121830487928063,-3.566016769370645,-0.5556116779472645,-2.333569047378511,-1.0001010203050762,-10.647540155571262,1.7105535973460562,91.3,149.93,-7.76846146075361,51.45974340842511,102.93800000000002,115.181,118.85766666666667
7525977,000006.SZ,20100506,98.99,98.11,98.77,92.93,92.93,交易,73567.06,63642.4197,0,-6.121830487928063,96.46,1.7105535973460562,95.46,98.44,96.68,98.0,96.49,86.94,2.7224792854836832,5.929194017002034,4.03529538362208,5.455719358657046,3.830840417518549,-6.44571182610568,-6.971766384670271,90.46,149.6,-2.657914559345758,60.98138383729688,100.094,113.3235,118.538
3074522,000006.SZ,20100507,92.93,91.27,96.57,90.5,95.46,交易,96401.23,83081.2035,0,2.7224792854836832,98.11,-6.971766384670271,98.44,96.68,98.0,96.49,93.98,90.46,3.121726377540335,1.27802220825478,2.6608003352189464,1.0789859627068945,-1.5503875968992142,-5.237795935470355,4.349731565684232,91.47,147.58,-4.179761156505338,54.598784831343,97.91,111.5815,118.2275
3097848,000006.SZ,20100510,95.46,95.24,99.32,95.13,98.44,交易,83348.85,73759.4292,0,3.121726377540335,91.27,4.349731565684232,96.68,98.0,96.49,93.98,84.76,96.32,-1.7878911011783736,-0.4469727752945934,-1.9809020723283248,-4.530678585940668,-13.896789922795604,-2.153596099146693,5.911381772364563,88.79,149.09,-9.802925639983735,51.45266151970745,96.61,110.0105,117.95
37983,000006.SZ,20100511,98.44,100.87,101.2,96.01,96.68,交易,65073.01,58068.3748,0,-1.7878911011783736,95.24,5.911381772364563,98.0,96.49,93.98,84.76,90.46,93.48,1.3653289201489378,-0.1965246172941786,-2.7927182457592084,-12.329333884981382,-6.433595366156406,-3.3098882912701724,-4.0448101516803785,88.62,149.93,-8.336781133636741,55.07860984691767,96.5,108.6215,117.71666666666668
5886716,000006.SZ,20100512,96.68,96.79,99.1,95.9,98.0,交易,81835.71,72560.6982,0,1.3653289201489378,100.87,-4.0448101516803785,96.49,93.98,84.76,90.46,88.45,93.64,-1.5408163265306174,-4.102040816326527,-13.510204081632647,-7.693877551020415,-9.744897959183673,-4.448979591836734,1.074491166442806,92.81,148.42,-5.295918367346936,51.448979591836725,96.302,107.2215,117.51466666666668
7356491,000006.SZ,20100513,98.0,97.83,97.83,93.64,96.49,DR,93485.96,53408.7401,0,-1.5408163265306174,96.79,1.074491166442806,93.98,84.76,90.46,88.45,86.94,93.98,-2.6013058348015243,-12.156700176184051,-6.249352264483368,-8.332469685977813,-9.897398694165195,-2.6013058348015243,-3.076765818256164,90.96,136.7,-5.731163851176289,41.672712198155246,97.014,105.7185,117.30033333333331
9658120,000006.SZ,20100514,96.49,94.82,95.49,93.98,93.98,交易,64413.42,36318.6405,0,-2.6013058348015243,97.83,-3.076765818256164,84.76,90.46,88.45,86.94,90.46,92.81,-9.810597999574377,-3.745477761225803,-5.884230687380295,-7.490955522451593,-3.745477761225803,-1.2449457331347114,-2.119805948112204,91.3,135.19,-2.8516705682060084,43.84975526707809,96.718,104.189,117.01833333333336
1989892,000006.SZ,20100517,93.98,92.81,92.81,84.6,84.76,交易,107735.91,56680.6987,0,-9.810597999574377,94.82,-2.119805948112204,90.46,88.45,86.94,90.46,96.32,91.47,6.724870221802723,4.353468617272295,2.5719679093912133,6.724870221802723,13.638508730533257,7.916470033034441,-7.940954638508786,91.8,139.21,8.30580462482302,64.24020764511562,93.982,102.1985,116.56983333333332
2519967,000006.SZ,20100518,84.76,85.44,91.8,84.09,90.46,交易,115005.79,60709.1458,0,6.724870221802723,92.81,-7.940954638508786,88.45,86.94,90.46,96.32,93.48,88.45,-2.221976564227273,-3.8912226398408096,0.0,6.478001326553173,3.338492151227073,-2.221976564227273,4.108146067415737,91.97,139.54,1.6692460756135366,54.25602476232589,92.738,101.0995,116.2145
599177,000006.SZ,20100519,90.46,88.95,90.8,87.11,88.45,交易,72860.18,38695.3035,0,-2.221976564227273,85.44,4.108146067415737,86.94,90.46,96.32,93.48,93.64,91.3,-1.7071791972866084,2.272470322215931,8.897682306387779,5.686828716789147,5.867721876766532,3.2221594120972235,-1.1242270938729624,97.5,140.72,10.231769361221026,59.09553420011306,90.828,99.9385,115.85516666666668
1245607,000006.SZ,20100520,88.45,87.95,89.46,86.78,86.94,交易,51123.37,26912.4078,0,-1.7071791972866084,88.95,-1.1242270938729624,90.46,96.32,93.48,93.64,93.98,90.46,4.048769266160566,10.789049919484697,7.522429261559704,7.7064642282033615,8.097538532321149,4.048769266160566,-3.8089823763502086,97.16,142.39,11.755233494363928,63.77961812744421,88.918,98.5865,115.48166666666664
7486150,000006.SZ,20100521,86.94,84.6,90.8,83.76,90.46,交易,115267.85,61116.6789,0,4.048769266160566,87.95,-3.8089823763502086,96.32,93.48,93.64,93.98,92.81,91.47,6.478001326553173,3.338492151227073,3.5153659075834702,3.891222639840825,2.597833296484644,1.1165155869997847,8.912529550827433,97.16,140.72,7.4065885474242785,55.56046871545436,88.214,97.592,115.13183333333332
5661246,000006.SZ,20100524,90.46,92.14,97.83,92.14,96.32,交易,159056.22,91054.3981,0,6.478001326553173,84.6,8.912529550827433,93.48,93.64,93.98,92.81,91.47,88.79,-2.9485049833886934,-2.7823920265780657,-2.4294019933554707,-3.644102990033213,-5.035299003322254,-7.817691029900319,2.724115476448888,97.5,140.38,1.2250830564784123,45.743355481727576,90.526,96.896,114.87966666666668
4999327,000006.SZ,20100525,96.32,94.65,94.98,91.3,93.48,交易,102651.46,57207.5935,0,-2.9485049833886934,92.14,2.724115476448888,93.64,93.98,92.81,91.47,88.45,88.62,0.1711596063329017,0.5348737697903294,-0.7167308515190433,-2.15019255455713,-5.380830124090716,-5.1989730423620015,-1.4157422081352389,95.99,136.86,2.685066324347444,46.40564826700899,91.13,96.229,114.53066666666668
3200736,000006.SZ,20100526,93.48,93.31,94.48,92.14,93.64,交易,54094.14,30147.2132,0,0.1711596063329017,94.65,-1.4157422081352389,93.98,92.81,91.47,88.45,91.3,92.81,0.3630926954293073,-0.8863733447244749,-2.317385732592911,-5.5425032037590745,-2.4989320803075645,-0.8863733447244749,-0.5358482477762297,94.15,137.2,0.544639043143961,46.518581802648434,92.168,95.559,114.1825
6964023,000006.SZ,20100527,93.64,92.81,94.65,90.46,93.98,交易,82616.61,45806.002,0,0.3630926954293073,93.31,-0.5358482477762297,92.81,91.47,88.45,91.3,90.46,90.96,-1.2449457331347114,-2.6707810172377155,-5.884230687380295,-2.8516705682060084,-3.745477761225803,-3.213449670142594,1.9825449843766871,88.45,140.88,-5.884230687380295,49.90423494360501,93.576,94.9005,113.816
962376,000006.SZ,20100528,93.98,94.65,94.98,92.3,92.81,交易,63132.94,35162.8701,0,-1.2449457331347114,92.81,1.9825449843766871,91.47,88.45,91.3,90.46,91.47,91.3,-1.4438099342743276,-4.697769636892575,-1.6269798513091316,-2.5320547354811,-1.4438099342743276,-1.6269798513091316,-1.236133122028528,86.44,134.52,-6.863484538304067,44.94127787953885,94.046,94.222,113.4245
2026688,000006.SZ,20100531,92.81,93.48,94.98,91.47,91.47,交易,85631.67,47843.2352,0,-1.4438099342743276,94.65,-1.236133122028528,88.45,91.3,90.46,91.47,88.79,91.8,-3.301628949382307,-0.1858532852301319,-1.1041871651907786,0.0,-2.929922378922043,0.3607740242702507,-3.230637569533601,85.77,135.52,-6.231551328304365,48.15786596698372,93.076,93.5485,113.03833333333334
10760794,000006.SZ,20100601,91.47,90.46,90.63,86.61,88.45,交易,64505.73,34156.9136,0,-3.301628949382307,93.48,-3.230637569533601,91.3,90.46,91.47,88.79,88.62,91.97,3.2221594120972235,2.272470322215931,3.414358394573201,0.3843979649519541,0.192198982475977,3.979649519502539,-2.4099049303559505,89.96,133.68,1.7071791972865922,51.13623516110797,92.07,93.1095,112.60366666666664
4821209,000006.SZ,20100602,88.45,88.28,91.47,87.45,91.3,交易,62138.72,33329.4185,0,3.2221594120972235,90.46,-2.4099049303559505,90.46,91.47,88.79,88.62,92.81,97.5,-0.9200438116100804,0.1861993428258507,-2.7491785323110527,-2.935377875136904,1.6538882803943102,6.790799561883902,4.746261893973718,90.13,137.37,-1.2814895947426086,50.46002190580505,91.602,92.725,112.19066666666666
1989631,000006.SZ,20100603,91.3,92.47,93.64,90.46,90.46,交易,67623.92,37144.7596,0,-0.9200438116100804,88.28,4.746261893973718,91.47,88.79,88.62,92.81,90.96,97.16,1.1165155869997847,-1.8461198319699177,-2.034048198098595,2.597833296484644,0.552730488613752,7.4065885474242785,-1.989834540932198,91.63,137.03,1.2933893433561816,51.48131770948487,90.898,92.60150000000002,111.67
8597603,000006.SZ,20100604,90.46,90.63,92.47,88.62,91.47,交易,47129.07,25445.4251,0,1.1165155869997847,92.47,-1.989834540932198,88.79,88.62,92.81,90.96,91.3,97.16,-2.929922378922043,-3.1157756641521748,1.4649611894610293,-0.5575598556903959,-0.1858532852301319,6.220618782114352,-1.2909632571996048,93.64,140.55,2.3723625232316627,53.65693670055757,90.63,92.402,111.19733333333332
7844433,000006.SZ,20100607,91.47,89.46,89.96,87.95,88.79,交易,50045.53,26573.1939,0,-2.929922378922043,90.63,-1.2909632571996048,88.62,92.81,90.96,91.3,91.8,97.5,-0.1914630025903837,4.527536884784317,2.443968915418389,2.8268949205991563,3.3900213988061614,9.809663250366023,-0.7489380728817209,92.81,136.7,4.527536884784317,53.958779141795226,90.094,91.9195,110.64883333333334
1239245,000006.SZ,20100608,88.79,88.79,89.96,87.61,88.62,交易,30713.35,16272.9918,0,-0.1914630025903837,89.46,-0.7489380728817209,92.81,90.96,91.3,91.8,91.97,95.99,4.728052358384109,2.640487474610685,3.024148047844722,3.588354773188888,3.7801850598059055,8.316407131572998,0.3716634756166215,94.82,135.02,6.996163394267646,52.35838411193862,90.128,91.5165,110.08833333333334
4291222,000006.SZ,20100609,88.62,89.12,93.48,88.62,92.81,交易,86602.24,47247.179,0,4.728052358384109,88.79,0.3716634756166215,90.96,91.3,91.8,91.97,97.5,94.15,-1.99331968537874,-1.6269798513091316,-1.088244801206772,-0.905074884171968,5.053334769960131,1.4438099342743276,2.8164272890484634,97.66,136.53,5.225729985992882,47.10699278095033,90.43,91.257,109.56833333333334
6042267,000006.SZ,20100610,92.81,91.63,92.47,90.8,90.96,交易,51546.57,28126.8185,0,-1.99331968537874,89.12,2.8164272890484634,91.3,91.8,91.97,97.5,97.16,88.45,0.3737906772207601,0.9234828496042254,1.1103781882146055,7.189973614775734,6.816182937554972,-2.759454705364986,-0.5456728145803776,92.47,137.2,1.660070360598071,50.83553210202286,90.53,90.9805,109.04500000000002
3233221,000006.SZ,20100611,90.96,91.13,92.64,90.8,91.3,交易,39695.35,21682.57,0,0.3737906772207601,91.63,-0.5456728145803776,91.8,91.97,97.5,97.16,97.16,86.44,0.547645125958379,0.7338444687842297,6.790799561883902,6.418400876232202,6.418400876232202,-5.323110624315444,0.3730933830791215,93.81,135.69,2.749178532311068,48.619934282584886,90.496,90.8465,108.4355
10713965,000006.SZ,20100617,91.3,91.47,93.14,91.47,91.8,交易,44183.46,24338.2742,0,0.547645125958379,91.13,0.3730933830791215,91.97,97.5,97.16,97.16,97.5,85.77,0.185185185185187,6.209150326797388,5.838779956427016,5.838779956427016,6.209150326797388,-6.568627450980394,0.7324805947305146,92.47,130.83,0.7298474945533788,42.51633986928106,91.098,91.1985,107.7865
3614950,000006.SZ,20100618,91.8,92.14,94.31,91.3,91.97,交易,85672.63,47425.3727,0,0.185185185185187,91.47,0.7324805947305146,97.5,97.16,97.16,97.5,95.99,89.96,6.01283027074046,5.64314450364249,5.64314450364249,6.01283027074046,4.370990540393603,-2.185495270196809,-0.727154330366835,93.81,123.96,2.000652386647824,34.78308143959986,91.768,91.274,107.12383333333334
7273350,000006.SZ,20100621,91.97,91.47,98.33,91.47,97.5,交易,179354.75,102603.1253,0,6.01283027074046,92.14,-0.727154330366835,97.16,97.16,97.5,95.99,94.15,90.13,-0.3487179487179522,-0.3487179487179522,0.0,-1.548717948717954,-3.43589743589743,-7.558974358974363,5.302284902153706,97.5,126.31,0.0,29.54871794871795,92.706,91.7265,106.55333333333331
9744129,000006.SZ,20100622,97.5,96.32,98.0,95.82,97.16,交易,100105.32,57855.8683,0,-0.3487179487179522,91.47,5.302284902153706,97.16,97.5,95.99,94.15,88.45,91.63,0.0,0.349938246191852,-1.204199258954304,-3.097982708933708,-8.964594483326465,-5.691642651296832,0.8720930232558175,107.21,126.31,10.343762865376696,30.002058460271723,93.946,92.2375,106.025
9047867,000006.SZ,20100623,97.16,97.16,97.33,94.82,97.16,交易,80697.33,46275.7377,0,0.0,96.32,0.8720930232558175,97.5,95.99,94.15,88.45,86.44,93.64,0.349938246191852,-1.204199258954304,-3.097982708933708,-8.964594483326465,-11.033347056401812,-3.622890078221487,-0.339645944833263,106.21,124.47,9.314532729518318,28.108275010292303,95.118,92.5725,105.48
9315309,000006.SZ,20100624,97.16,96.83,98.84,96.16,97.5,交易,98558.19,57299.9185,0,0.349938246191852,97.16,-0.339645944833263,95.99,94.15,88.45,86.44,85.77,92.81,-1.548717948717954,-3.43589743589743,-9.28205128205128,-11.343589743589746,-12.030769230769236,-4.810256410256408,0.1652380460601018,107.05,122.96,9.794871794871792,26.11282051282051,96.258,92.6315,104.9535
8425116,000006.SZ,20100625,97.5,96.99,96.99,94.65,95.99,交易,86940.62,49691.3886,0,-1.548717948717954,96.83,0.1652380460601018,94.15,88.45,86.44,85.77,89.96,94.82,-1.916866340243764,-7.854984894259811,-9.94895301593916,-10.646942389832274,-6.281904365038026,-1.2188769663506631,-1.206309928858647,114.75,126.81,19.543702469007197,32.10751119908325,97.06199999999998,92.757,104.367
5960820,000006.SZ,20100628,95.99,95.82,96.16,93.14,94.15,交易,98665.75,55364.7882,0,-1.916866340243764,96.99,-1.206309928858647,88.45,86.44,85.77,89.96,90.13,97.66,-6.054168879447692,-8.189060010621358,-8.900690387679244,-4.45034519383963,-4.269782262347329,3.72809346787041,-1.9202671676059169,126.31,119.44,34.15825809877854,26.86139139670737,96.392,92.7825,103.715
2655869,000006.SZ,20100629,94.15,93.98,94.31,88.45,88.45,交易,167184.63,89839.1634,0,-6.054168879447692,95.82,-1.9202671676059169,86.44,85.77,89.96,90.13,91.63,92.47,-2.272470322215947,-3.0299604296212626,1.7071791972865922,1.8993781797625693,3.595251554550585,4.544940644431878,-7.310065971483299,132.51,120.11,49.813453928773306,35.794234030525715,94.65,92.506,102.98083333333334
7005144,000006.SZ,20100630,88.45,87.11,87.95,85.27,86.44,交易,78117.32,40179.5173,0,-2.272470322215947,93.98,-7.310065971483299,85.77,89.96,90.13,91.63,93.64,93.81,-0.7751041184636762,4.072188801480792,4.268857010643218,6.004164738546966,8.329477093937994,8.526145303100423,-0.9642980140052846,145.74,120.28,68.60249884312819,39.148542341508566,92.506,92.1875,102.22233333333332
6701364,000006.SZ,20100701,86.44,86.27,88.28,85.27,85.77,交易,79191.89,40837.4418,0,-0.7751041184636762,87.11,-0.9642980140052846,89.96,90.13,91.63,93.64,92.81,92.47,4.885157980645911,5.083362481053981,6.8322257199487,9.175702460067628,8.207998134545887,7.811589133729745,-0.962095745913989,150.1,118.77,75.00291477206483,38.47499125568381,90.16,91.9025,101.40116666666668
4853758,000006.SZ,20100702,85.77,85.44,90.8,84.93,89.96,交易,91267.02,47554.0788,0,4.885157980645911,86.27,-0.962095745913989,90.13,91.63,93.64,92.81,94.82,93.81,0.1889728768341504,1.8563806136060488,4.090706980880399,3.168074699866617,5.402401067140952,4.27967985771455,3.721910112359559,149.6,121.12,66.2961316140507,34.63761671854159,88.954,91.978,100.65166666666669
11018893,000006.SZ,20100705,89.96,88.62,90.8,86.94,90.13,交易,51628.73,27496.6028,0,0.1889728768341504,85.44,3.721910112359559,91.63,93.64,92.81,94.82,97.66,97.5,1.6642627316098968,3.894374791967164,2.973482747143023,5.203594807500275,8.354598912681684,8.177077554643299,1.3202437373053506,149.93,123.8,66.3486075668479,37.35715078220348,88.15,91.9195,99.94183333333334
5489663,000006.SZ,20100706,90.13,89.79,91.8,89.12,91.63,交易,59427.74,32232.7441,0,1.6642627316098968,88.62,1.3202437373053506,93.64,92.81,94.82,97.66,92.47,107.21,2.1936047146131235,1.287787842409699,3.481392557022807,6.580814143839356,0.916730328495038,17.003164902324563,1.124846864906995,149.6,125.3,63.26530612244898,36.74560733384263,88.786,91.978,99.301
8224187,000006.SZ,20100707,91.63,90.8,93.64,90.8,93.64,交易,54272.97,29892.3837,0,2.1936047146131235,89.79,1.124846864906995,92.81,94.82,97.66,92.47,93.81,106.21,-0.8863733447244749,1.2601452370781638,4.293037163605293,-1.2494660401537825,0.1815463477146536,13.423750533959838,2.951541850220272,147.58,128.66,57.603588210166606,37.39854762921828,90.226,92.0865,98.69
2878780,000006.SZ,20100708,93.64,93.48,95.49,92.14,92.81,交易,57289.89,32123.9803,0,-0.8863733447244749,90.8,2.951541850220272,94.82,97.66,92.47,93.81,92.47,107.05,2.165714901411476,5.225729985992882,-0.3663398340696082,1.0774701002047191,-0.3663398340696082,15.343174226915195,-0.5455712451861415,149.09,128.15,60.640017239521605,38.07779334123479,91.634,92.2875,98.0725
781629,000006.SZ,20100709,92.81,92.97,96.16,92.14,94.82,交易,63963.75,36095.6588,0,2.165714901411476,93.48,-0.5455712451861415,97.66,92.47,93.81,92.47,93.81,114.75,2.995148702805319,-2.4783800885889,-1.065176123180754,-2.4783800885889,-1.065176123180754,21.018772410883788,2.7105517909002863,149.93,134.69,58.12064965197218,42.048091120016885,92.606,92.5975,97.5785
3331371,000006.SZ,20100712,94.82,95.49,99.0,94.65,97.66,交易,122584.22,71344.5207,0,2.995148702805319,92.97,2.7105517909002863,92.47,93.81,92.47,93.81,97.5,126.31,-5.314355928732335,-3.942248617653077,-5.314355928732335,-3.942248617653077,-0.1638337087855791,29.336473479418395,0.8692009634516686,148.42,129.49,51.97624411222608,32.59266844153186,94.112,92.84,97.10616666666668
5007537,000006.SZ,20100713,97.66,96.32,96.32,91.8,92.47,交易,81534.86,45336.3104,0,-5.314355928732335,95.49,0.8692009634516686,93.81,92.47,93.81,97.5,107.21,132.51,1.4491186330701886,0.0,1.4491186330701886,5.4396020330918144,15.940304963772029,43.3005299015897,-3.4779900332225857,136.7,131.0,47.83172920947333,41.66756785984644,94.28,92.9155,96.53816666666668
1114479,000006.SZ,20100714,92.47,92.97,95.49,92.81,93.81,交易,56594.2,31762.2667,0,1.4491186330701886,96.32,-3.4779900332225857,92.47,93.81,97.5,107.21,106.21,145.74,-1.4284191450804855,0.0,3.9334825711544585,14.284191450804808,13.218207014177583,55.35657179405182,0.0,135.19,136.7,44.11043598763458,45.72007248694167,94.314,93.041,96.0255
10788524,000006.SZ,20100715,93.81,92.97,96.16,92.47,92.47,交易,47386.28,26674.3594,0,-1.4284191450804855,92.97,0.0,93.81,97.5,107.21,106.21,107.05,150.1,1.4491186330701886,5.4396020330918144,15.940304963772029,14.85887314804801,15.767275873256189,62.3229155401752,-0.8927611057330304,139.21,135.52,50.54612306694064,46.55563966691901,94.246,93.0745,95.49049999999998
3337776,000006.SZ,20100716,92.47,92.14,94.31,91.3,93.81,交易,38300.61,21178.9435,0,1.4491186330701886,92.97,-0.8927611057330304,97.5,107.21,106.21,107.05,114.75,149.6,3.9334825711544585,14.284191450804808,13.218207014177583,14.113633940944457,22.32171410297409,59.471271719432885,0.9008031256783138,139.54,128.15,48.747468286963,36.60590555377892,94.044,93.1665,95.18
3669041,000006.SZ,20100719,93.81,92.97,97.5,92.14,97.5,交易,152847.24,88123.5754,0,3.9334825711544585,92.14,0.9008031256783138,107.21,106.21,107.05,114.75,126.31,149.93,9.958974358974352,8.933333333333326,9.794871794871792,17.692307692307693,29.54871794871795,53.77435897435898,8.475852425513601,140.72,124.8,44.32820512820513,28.0,94.012,93.1665,94.94383333333332
5139772,000006.SZ,20100720,97.5,100.85,107.21,100.68,107.21,交易,483962.08,306361.825,0,9.958974358974352,92.97,8.475852425513601,106.21,107.05,114.75,126.31,132.51,149.6,-0.9327488107452664,-0.1492398097192394,7.032926033019315,17.815502285234597,23.598544911855235,39.53922208749184,6.643529995042145,142.39,124.13,32.81410316201846,15.782109877809908,96.96,93.669,94.831
4318681,000006.SZ,20100721,107.21,107.55,107.72,105.03,106.21,交易,250989.35,159253.5486,0,-0.9327488107452664,100.85,6.643529995042145,107.05,114.75,126.31,132.51,145.74,147.58,0.7908859806044661,8.040674136145379,18.924771678749657,24.76226344035401,37.21871763487432,38.951134544769815,-2.0269642026964134,140.72,124.8,32.49223236983335,17.503059975520202,99.44,94.1215,94.762
6004587,000006.SZ,20100722,106.21,105.37,107.55,104.7,107.05,交易,231916.23,147477.7141,0,0.7908859806044661,107.55,-2.0269642026964134,114.75,126.31,132.51,145.74,150.1,149.09,7.192900513778611,17.991592713685197,23.78327884166277,36.14198972442785,40.21485287248949,39.27136851938347,1.9075638227199303,140.38,125.81,31.134983652498832,17.524521251751523,102.356,94.599,94.70883333333336
5514114,000006.SZ,20100723,107.05,107.38,114.75,106.38,114.75,交易,361482.75,238528.2325,0,7.192900513778611,105.37,1.9075638227199303,126.31,132.51,145.74,150.1,149.6,149.93,10.074074074074076,15.477124183006527,27.006535947712425,30.80610021786492,30.370370370370367,30.657952069716785,8.577016204134855,136.86,126.48,19.267973856209164,10.222222222222229,106.544,95.537,94.841
4853254,000006.SZ,20100726,114.75,116.59,126.31,113.58,126.31,交易,795507.6,589294.7308,0,10.074074074074076,107.38,8.577016204134855,132.51,145.74,150.1,149.6,149.93,148.42,4.908558308922483,15.382788377800654,18.834613253107428,18.43876177658142,18.7000237510886,17.504552291980037,8.336907110386825,137.2,124.47,8.621645158736431,-1.45673343361571,112.306,97.145,95.16216666666666
7606459,000006.SZ,20100727,126.31,126.31,136.7,126.31,132.51,交易,677256.09,531776.3311,0,4.908558308922483,116.59,8.336907110386825,145.74,150.1,149.6,149.93,149.6,136.7,9.984152139461187,13.27446985133198,12.897139838502758,13.146177646970052,12.897139838502758,3.162025507508866,6.365291742538194,140.88,122.12,6.3165044147611535,-7.840917666591191,117.366,99.348,95.58483333333334
4978253,000006.SZ,20100728,132.51,134.35,145.74,134.35,145.74,交易,398330.89,340933.5417,0,9.984152139461187,126.31,6.365291742538194,150.1,149.6,149.93,149.6,147.58,135.19,2.9916289282283417,2.648552216275549,2.8749828461644005,2.648552216275549,1.2625222999862793,-7.238918622203932,12.467435802009676,134.52,123.63,-7.698641416220666,-15.1708522025525,125.272,102.313,96.24083333333331
1905924,000006.SZ,20100729,145.74,151.1,158.31,143.4,150.1,交易,1050627.29,943025.6775,0,2.9916289282283417,134.35,12.467435802009676,149.6,149.93,149.6,147.58,149.09,139.21,-0.3331112591605596,-0.1132578281145819,-0.3331112591605596,-1.6788807461692086,-0.6728847435043244,-7.25516322451698,-1.8861681005956283,135.52,123.63,-9.713524317121909,-17.634910059960028,133.882,105.5295,96.9935
7853490,000006.SZ,20100730,150.1,148.25,153.28,147.42,149.6,交易,606685.31,543501.2338,0,-0.3331112591605596,151.1,-1.8861681005956283,149.93,149.6,147.58,149.09,149.93,139.54,0.220588235294126,0.0,-1.3502673796791322,-0.3409090909090848,0.220588235294126,-6.724598930481285,0.9106239460370956,133.68,124.3,-10.641711229946516,-16.91176470588235,140.852,108.5115,97.86633333333332
3261769,000006.SZ,20100802,149.6,149.6,151.27,144.74,149.93,交易,645047.91,570006.9751,0,0.220588235294126,148.25,0.9106239460370956,149.6,147.58,149.09,149.93,148.42,140.72,-0.220102714600155,-1.5673981191222532,-0.5602614553458303,0.0,-1.0071366637764418,-6.142866671113191,-0.7887700534759404,137.37,124.3,-8.377242713266192,-17.09464416727807,145.576,111.5015,98.71533333333332
8447685,000006.SZ,20100803,149.93,148.42,152.44,146.75,149.6,交易,649943.39,580970.9982,0,-0.220102714600155,149.6,-0.7887700534759404,147.58,149.09,149.93,148.42,136.7,142.39,-1.3502673796791322,-0.3409090909090848,0.220588235294126,-0.7887700534759404,-8.62299465240642,-4.819518716577545,-0.2223420024255384,137.03,127.31,-8.402406417112296,-14.89973262032085,148.994,114.4,99.65983333333334
4730121,000006.SZ,20100804,149.6,148.09,151.94,144.4,147.58,交易,515826.86,453551.8029,0,-1.3502673796791322,148.42,-0.2223420024255384,149.09,149.93,148.42,136.7,135.19,140.72,1.0231738717983403,1.5923566878980853,0.5691828160997255,-7.37227266567287,-8.39544653747121,-4.64832633148124,-0.3443851711796818,140.55,132.34,-4.76351809188237,-10.326602520666762,149.362,117.09699999999998,100.5285
1971612,000006.SZ,20100805,147.58,147.58,152.28,146.08,149.09,交易,568723.56,504718.3746,0,1.0231738717983403,148.09,-0.3443851711796818,149.93,148.42,136.7,135.19,139.21,140.38,0.5634180696223781,-0.4493929841035722,-8.310416526930052,-9.323227580655985,-6.626869676034607,-5.8421087933463065,0.1151917604011298,136.7,128.49,-8.310416526930052,-13.817157421691592,149.16,119.911,101.37266666666667
2382153,000006.SZ,20100806,149.09,147.75,151.61,145.41,149.93,交易,599757.65,531712.7129,0,0.5634180696223781,147.58,0.1151917604011298,148.42,136.7,135.19,139.21,139.54,136.86,-1.0071366637764418,-8.824117921696804,-9.831254585473229,-7.150003334889615,-6.9299006202894775,-8.717401454011867,1.0219966159052392,135.02,123.96,-9.944640832388444,-17.321416661108525,149.22600000000003,122.6665,102.26016666666666
10032480,000006.SZ,20100809,149.93,149.26,152.61,146.41,148.42,交易,582229.21,515865.7644,0,-1.0071366637764418,147.75,1.0219966159052392,136.7,135.19,139.21,139.54,140.72,137.2,-7.896509904325563,-8.913893006333373,-6.205363158603949,-5.98302115617841,-5.187980056596139,-7.559628082468671,-0.4488811469918179,136.53,123.8,-8.011049723756898,-16.588060908233388,148.924,125.20449999999998,103.1005
3175172,000006.SZ,20100810,148.42,148.59,151.94,136.19,136.7,交易,817842.37,711943.5295,0,-7.896509904325563,149.26,-0.4488811469918179,135.19,139.21,139.54,140.72,142.39,140.88,-1.1046086320409592,1.836137527432348,2.077542062911488,2.940746159473307,4.162399414776883,3.0577907827359234,-9.246921057944686,137.2,113.24,0.365764447695684,-17.161667885881492,146.344,127.416,103.77066666666666
5272352,000006.SZ,20100811,136.7,134.85,136.36,133.01,135.19,交易,557174.93,447737.4939,0,-1.1046086320409592,148.59,-9.246921057944686,139.21,139.54,140.72,142.39,140.72,134.52,2.9735927213551374,3.217693616391741,4.090539241068127,5.325837709889776,4.090539241068127,-0.4955987868925124,-0.7415647015202077,135.69,114.92,0.3698498409645684,-14.9937125527036,143.866,129.485,104.4575
2373233,000006.SZ,20100812,135.19,133.85,139.21,133.18,139.21,交易,626285.54,511965.7832,0,2.9735927213551374,134.85,-0.7415647015202077,139.54,140.72,142.39,140.72,140.38,135.52,0.2370519359241319,1.084692191652892,2.2843186552690025,1.084692191652892,0.8404568637310448,-2.650671647151784,3.750466940605163,130.83,113.58,-6.019682494073698,-18.411033690108475,141.89,131.822,105.365
1452502,000006.SZ,20100813,139.21,138.87,140.72,137.03,139.54,交易,365837.55,303660.6442,0,0.2370519359241319,133.85,3.750466940605163,140.72,142.39,140.72,140.38,136.86,133.68,0.845635660025804,2.0424251110792566,0.845635660025804,0.601977927475995,-1.9205962448043417,-4.1995126845348905,-0.8425145819831611,123.96,119.94,-11.165257273899956,-14.04615164110649,139.81199999999998,134.1085,106.183
1649976,000006.SZ,20100816,139.54,137.7,142.89,136.36,140.72,交易,488865.49,407327.9829,0,0.845635660025804,138.87,-0.8425145819831611,142.39,140.72,140.38,136.86,137.2,137.37,1.186753837407609,0.0,-0.241614553723709,-2.743035815804424,-2.501421262080735,-2.3806139852188704,2.193173565722593,126.31,119.61,-10.240193291642976,-15.001421262080727,138.272,136.2695,107.05416666666666
7927603,000006.SZ,20100817,140.72,140.72,147.42,139.38,142.39,交易,504082.36,431847.53,0,1.186753837407609,137.7,2.193173565722593,140.72,140.38,136.86,137.2,140.88,137.03,-1.172835171009191,-1.4116159842685518,-3.883699698012482,-3.6449188847531415,-1.0604677294753782,-3.764309291382812,1.186753837407609,126.31,118.77,-11.292927874148456,-16.58824355642952,139.41000000000005,138.02849999999998,107.97833333333332
1151350,000006.SZ,20100818,142.39,142.39,142.89,138.2,140.72,交易,283141.06,237528.1844,0,-1.172835171009191,140.72,1.186753837407609,140.38,136.86,137.2,140.88,134.52,140.55,-0.241614553723709,-2.743035815804424,-2.501421262080735,0.1137009664582124,-4.405912450255819,-0.1208072768618444,0.0,124.47,119.11,-11.54775440591245,-15.356736782262647,140.516,139.754,108.816
3385957,000006.SZ,20100819,140.72,142.39,144.07,139.38,140.38,交易,291440.57,246787.12,0,-0.241614553723709,142.39,0.0,136.86,137.2,140.88,134.52,135.52,136.7,-2.50747969796266,-2.265279954409465,0.3561760934606069,-4.174383815358302,-3.4620316284370887,-2.621456047870072,-1.6433738324320355,122.96,122.29,-12.409175096167548,-12.88645106140475,140.75,141.4205,109.55033333333334
2956763,000006.SZ,20100820,140.38,140.05,141.55,134.02,136.86,交易,294760.18,242276.5699,0,-2.50747969796266,142.39,-1.6433738324320355,137.2,140.88,134.52,135.52,133.68,135.02,0.2484290515855436,2.937308198158689,-1.7097764138535754,-0.9791027327195698,-2.3235423060061424,-1.3444395732865726,-0.5997857907890063,126.81,121.62,-7.343270495396763,-11.13546690048225,140.214,142.526,110.27333333333333
6614705,000006.SZ,20100823,136.86,139.21,141.55,135.52,137.2,交易,230601.14,190212.626,0,0.2484290515855436,140.05,-0.5997857907890063,140.88,134.52,135.52,133.68,137.37,136.53,2.6822157434402385,-1.9533527696792847,-1.2244897959183516,-2.565597667638471,0.1239067055393702,-0.488338192419816,-0.9625745276919786,119.44,122.62,-12.944606413994164,-10.626822157434392,139.51,143.0705,110.99933333333334
4180850,000006.SZ,20100824,137.2,137.87,145.24,134.02,140.88,交易,424988.41,355973.4015,0,2.6822157434402385,139.21,-0.9625745276919786,134.52,135.52,133.68,137.37,137.03,137.2,-4.514480408858593,-3.80465644520158,-5.110732538330487,-2.4914821124361093,-2.732822260079496,-2.612152186257813,0.848625516791171,120.11,119.11,-14.74304372515616,-15.452867688813171,139.208,143.48899999999998,111.781
291405,000006.SZ,20100825,140.88,139.04,140.05,134.18,134.52,交易,246609.07,201111.8431,0,-4.514480408858593,137.87,0.848625516791171,135.52,133.68,137.37,137.03,140.55,135.69,0.743383883437407,-0.6244424620874245,2.118644067796606,1.8658935474278848,4.482604817127565,0.8697591436217569,-3.373130034522438,120.28,119.44,-10.585786500148682,-11.210228962236108,137.968,142.928,112.47616666666669
4080283,000006.SZ,20100826,134.52,134.35,136.03,132.84,135.52,交易,210889.94,169018.9693,0,0.743383883437407,139.04,-3.373130034522438,133.68,137.37,137.03,140.55,136.7,130.83,-1.3577331759149964,1.3651121605667018,1.114226682408494,3.7116292798110986,0.8707201889019911,-3.46074380165289,0.8708596948269565,118.77,115.25,-12.359799291617485,-14.957201889020077,136.996,142.19899999999998,113.21033333333334
333687,000006.SZ,20100827,135.52,135.52,136.36,133.01,133.68,交易,144567.34,115729.9285,0,-1.3577331759149964,134.35,0.8708596948269565,137.37,137.03,140.55,136.7,135.02,123.96,2.760323159784558,2.5059844404548133,5.13913824057451,2.259126271693583,1.0023937761819297,-7.271095152603241,-0.1180637544273882,121.12,122.46,-9.395571514063436,-8.393177737881517,136.36,141.403,113.96416666666669
7145620,000006.SZ,20100830,133.68,135.36,138.54,133.35,137.37,交易,225215.61,182749.0273,0,2.760323159784558,135.52,-0.1180637544273882,137.03,140.55,136.7,135.02,136.53,126.31,-0.2475067336390794,2.3149159205066656,-0.4877338574652514,-1.7107083060347923,-0.6114872242847808,-8.051248453082916,0.4949763593380522,123.8,122.46,-9.87843051612434,-10.853898231054824,136.394,140.775,114.732
7302849,000006.SZ,20100831,137.37,136.03,139.21,134.85,137.03,交易,235455.18,192298.2074,0,-0.2475067336390794,135.36,0.4949763593380522,140.55,136.7,135.02,136.53,137.2,126.31,2.568780559001686,-0.2408231774064164,-1.4668320805662929,-0.3648836021309202,0.1240604247245037,-7.823104429686929,1.1026979342792032,125.3,133.01,-8.560169305991392,-2.933664161132606,135.624,140.1465,115.50816666666668
3255172,000006.SZ,20100901,137.03,137.53,144.07,134.85,140.55,交易,520761.87,435468.3007,0,2.568780559001686,136.03,1.1026979342792032,136.7,135.02,136.53,137.2,135.69,124.47,-2.7392387050871734,-3.934542867307009,-2.8601921024546497,-2.383493418712218,-3.457844183564577,-11.44076840981858,2.3194939285973954,128.66,138.2,-8.459622909996451,-1.672002845962307,136.83,139.79500000000002,116.32616666666668
7825203,000006.SZ,20100902,140.55,140.72,140.72,135.69,136.7,交易,358753.31,294284.8549,0,-2.7392387050871734,137.53,2.3194939285973954,135.02,136.53,137.2,135.69,130.83,122.96,-1.2289685442574825,-0.1243599122165234,0.365764447695684,-0.7388441843452751,-4.294074615947313,-10.051207022677394,-3.098351335986345,128.15,152.11,-6.254572055596184,11.272860277981,137.066,139.1755,117.12466666666666
8665140,000006.SZ,20100903,136.7,136.36,137.37,133.35,135.02,交易,252817.48,203371.3655,0,-1.2289685442574825,140.72,-3.098351335986345,136.53,137.2,135.69,130.83,123.96,126.81,1.1183528366167907,1.6145756184268836,0.4962227818100929,-3.103243963857204,-8.191379054954833,-6.080580654717825,-0.7333528894103842,134.69,139.04,-0.2444082358169252,2.9773366908606,137.334,138.43,117.898
9735102,000006.SZ,20100906,135.02,135.36,139.04,133.35,136.53,交易,281327.66,229603.1356,0,1.1183528366167907,136.36,-0.7333528894103842,137.2,135.69,130.83,123.96,126.31,119.44,0.4907346370760913,-0.615249395737203,-4.174906613930996,-9.206767743353112,-7.485534314802607,-12.517395444224716,0.2437943262411229,129.49,129.16,-5.1563758880832,-5.398081007837109,137.166,137.8355,118.62666666666664
4623780,000006.SZ,20100907,136.53,135.69,137.87,134.69,137.2,交易,168910.07,137587.1903,0,0.4907346370760913,135.36,0.2437943262411229,135.69,130.83,123.96,126.31,126.31,120.11,-1.100583090379002,-4.6428571428571255,-9.65014577259475,-7.9373177842565505,-7.9373177842565505,-12.456268221574335,0.3684869924091679,131.0,127.48,-4.518950437317776,-7.084548104956257,137.2,137.8605,119.39733333333332
7018350,000006.SZ,20100908,137.2,136.19,138.2,134.69,135.69,交易,217321.06,176437.0097,0,-1.100583090379002,135.69,0.3684869924091679,130.83,123.96,126.31,126.31,124.47,120.28,-3.5816935662171017,-8.644704841919085,-6.912815977595987,-6.912815977595987,-8.268848109661729,-11.356769106050551,-0.4919597620970611,136.7,128.99,0.7443437246665126,-4.937725698282843,136.228,137.8855,120.13716666666669
11230469,000006.SZ,20100909,135.69,135.52,138.71,130.16,130.83,交易,321982.2,260258.8392,0,-3.5816935662171017,136.19,-0.4919597620970611,123.96,126.31,126.31,124.47,122.96,118.77,-5.251089199724847,-3.454865092104265,-3.454865092104265,-4.861270350836974,-6.0154398838187095,-9.21806925017199,-4.818476977567888,135.52,130.0,3.584804708400212,-0.6344110677979152,135.054,137.4665,120.78766666666668
8247546,000006.SZ,20100910,130.83,128.99,129.49,121.62,123.96,交易,388844.09,291056.1358,0,-5.251089199724847,135.52,-4.818476977567888,126.31,126.31,124.47,122.96,126.81,121.12,1.8957728299451504,1.8957728299451504,0.4114230396902268,-0.8067118425298484,2.2991287512100747,-2.2910616327847606,-4.155360880688436,128.15,126.64,3.3801226202000745,2.161987737979999,132.842,136.6875,121.32083333333334
7275316,000006.SZ,20100913,123.96,123.63,128.49,123.13,126.31,交易,248193.29,186689.8391,0,1.8957728299451504,128.99,-4.155360880688436,126.31,124.47,122.96,126.81,119.44,123.8,0.0,-1.45673343361571,-2.6522048927242565,0.3958514765260074,-5.438999287467346,-1.9871744121605608,1.625818975976709,124.8,127.99,-1.1954714591085465,1.330060961127379,130.798,135.967,121.801
8160034,000006.SZ,20100914,126.31,125.64,126.64,123.96,126.31,交易,163330.97,122417.1593,0,0.0,123.63,1.625818975976709,124.47,122.96,126.81,119.44,120.11,125.3,-1.45673343361571,-2.6522048927242565,0.3958514765260074,-5.438999287467346,-4.908558308922494,-0.7996199825825391,0.0,124.13,126.64,-1.725912437653398,0.2612619745071635,128.62,135.163,122.28683333333332
7333873,000006.SZ,20100915,126.31,125.64,126.81,123.96,124.47,交易,115424.85,86392.6226,0,-1.45673343361571,125.64,0.0,122.96,126.81,119.44,120.11,120.28,128.66,-1.213143729412714,1.8799710773680431,-4.0411344098979685,-3.5028520928737845,-3.366272997509438,3.366272997509438,-1.464501751034705,124.8,121.45,0.2651241262954915,-2.4262874588254166,126.376,134.35049999999998,122.742
5915687,000006.SZ,20100916,124.47,123.8,128.15,121.62,122.96,交易,144978.87,107341.7574,0,-1.213143729412714,125.64,-1.464501751034705,126.81,119.44,120.11,120.28,118.77,128.15,3.131099544567346,-2.862719583604421,-2.317826935588805,-2.1795705920624533,-3.407612231620037,4.220884840598578,1.0823909531502451,125.81,128.49,2.3178269355888164,4.497397527651282,124.802,133.4795,123.16633333333334
8343164,000006.SZ,20100917,122.96,125.14,127.99,123.96,126.81,交易,153845.86,115978.1839,0,3.131099544567346,123.8,1.0823909531502451,119.44,120.11,120.28,118.77,121.12,134.69,-5.811844491759328,-5.283494992508479,-5.149436164340353,-6.340193991010178,-4.487027836921377,6.214020976263698,0.799105002397315,126.48,124.63,-0.2602318429145953,-1.7191073259206742,125.372,132.977,123.68
10796040,000006.SZ,20100920,126.81,126.14,126.48,119.11,119.44,交易,175813.87,127924.264,0,-5.811844491759328,125.14,0.799105002397315,120.11,120.28,118.77,121.12,123.8,129.49,0.5609511051574027,0.7032819825854014,-0.5609511051574027,1.4065639651708028,3.6503683858004017,8.414266577361028,-5.311558585698432,124.47,127.15,4.211319490957804,6.455123911587415,123.998,132.089,124.1015
10908891,000006.SZ,20100921,119.44,119.44,122.29,119.11,120.11,交易,75206.74,54205.2208,0,0.5609511051574027,126.14,-5.311558585698432,120.28,118.77,121.12,123.8,125.3,131.0,0.1415369244858893,-1.1156439930064137,0.8408958454749855,3.072183831487801,4.321039047539753,9.066688868537174,0.5609511051574027,122.12,127.99,1.6734659895096204,6.560652734992919,122.758,131.0505,124.62916666666666
7254997,000006.SZ,20100927,120.11,120.11,120.61,115.59,120.28,交易,123035.45,86605.4486,0,0.1415369244858893,119.44,0.5609511051574027,118.77,121.12,123.8,125.3,128.66,136.7,-1.2554040571998712,0.698370468905889,2.9265048220818057,4.173594945128031,6.967076820751576,13.651479880279338,-0.9741070685205244,123.63,121.95,2.785167941469899,1.3884270036581323,121.92,130.3385,125.19316666666668
7922283,000006.SZ,20100928,120.28,118.94,121.45,116.93,118.77,交易,111520.07,79120.917,0,-1.2554040571998712,120.11,-0.9741070685205244,121.12,123.8,125.3,128.66,128.15,135.52,1.9786141281468457,4.235076197693021,5.498021385871854,8.32701860739244,7.897617243411644,14.102887934663649,-0.7062384395493555,123.63,116.09,4.091942409699419,-2.2564620695461755,121.082,129.501,125.74316666666668
2023737,000006.SZ,20100929,118.77,118.1,121.62,115.76,121.12,交易,173949.19,124180.8514,0,1.9786141281468457,118.94,-0.7062384395493555,123.8,125.3,128.66,128.15,134.69,128.15,2.212681638044908,3.451122853368554,6.22523117569352,5.804161162483489,11.203764861294578,5.804161162483489,0.4233700254022015,124.3,118.27,2.625495376486123,-2.3530383091149343,119.944,128.873,126.2625
8287662,000006.SZ,20100930,121.12,118.6,126.31,118.27,123.8,交易,190283.14,140396.9693,0,2.212681638044908,118.1,0.4233700254022015,125.3,128.66,128.15,134.69,129.49,124.8,1.2116316639741518,3.925686591276252,3.513731825525048,8.796445880452342,4.596122778675292,0.8077544426494346,3.6762225969645854,124.3,115.25,0.4038772213247173,-6.906300484652664,120.816,128.1945,126.82366666666668
6870691,000006.SZ,20101008,123.8,122.96,125.97,120.95,125.3,交易,171265.5,126485.3036,0,1.2116316639741518,118.6,3.6762225969645854,128.66,128.15,134.69,129.49,131.0,124.13,2.681564245810056,2.2745411013567507,7.494014365522745,3.3439744612929068,4.54908220271349,-0.9337589784517172,7.490240728692252,127.31,116.76,1.604150039904234,-6.815642458100553,121.854,127.608,127.38483333333332
2739184,000006.SZ,20101011,125.3,132.17,137.7,127.82,128.66,交易,231288.46,180654.611,0,2.681564245810056,122.96,7.490240728692252,128.15,134.69,129.49,131.0,136.7,124.8,-0.396393595523077,4.686771335302348,0.645111145655225,1.818747085341212,6.24902844706979,-3.000155448468832,-3.67708254520692,132.34,121.79,2.860251826519514,-5.339654904399184,123.53,127.0135,127.9685
8289180,000006.SZ,20101012,128.66,127.31,130.67,125.47,128.15,交易,134099.76,102617.0219,0,-0.396393595523077,132.17,-3.67708254520692,134.69,129.49,131.0,136.7,135.52,125.81,5.103394459617629,1.045649629340619,2.223956301209516,6.671868903628547,5.751072961373394,-1.8259851736246613,0.1335323226769316,128.49,121.12,0.265314085056577,-5.485758876316817,125.406,126.58599999999998,128.5575
9158348,000006.SZ,20101013,128.15,127.48,136.03,126.98,134.69,交易,269053.67,214577.6748,0,5.103394459617629,127.31,0.1335323226769316,129.49,131.0,136.7,135.52,128.15,126.48,-3.8607172024649112,-2.739624322518374,1.4923156878758563,0.6162298611626791,-4.855594327715489,-6.095478506199416,6.440225917791021,123.96,121.62,-7.966441458163193,-9.7037641992724,128.12,126.5695,129.222
5698492,000006.SZ,20101014,134.69,135.69,136.36,128.49,129.49,交易,186224.47,146717.7842,0,-3.8607172024649112,127.48,6.440225917791021,131.0,136.7,135.52,128.15,124.8,124.47,1.1661132133755432,5.567997528766684,4.656730249440112,-1.0348289443200274,-3.621901305120096,-3.876747239169056,-4.5692387058736745,123.8,126.64,-4.394161711329069,-2.200942157695581,129.25799999999998,126.21750000000002,129.7525
